,description
0,HINDUTVA
1,"A Software Engineer passionate about building Large-Scale, Highly Available & Observable systems with robust architecture. Currently transforming myself!!"
2,Yoga sloka meditation rajinikanth illayaraja a proud sanghi also a believer in dharma and karma
3,"ЁЯЗоЁЯЗ│... India muslimЁЯЗоЁЯЗ│
proud to be muslim Alhamdulillah
fast azan ..9/October"
4,"рдкрд░рдВ рд╡реИрднрд╡рдВ рдиреЗрддреБрдореЗрддрддреН рд╕реНрд╡рд░рд╛рд╖реНрдЯреНрд░рдореН
рд╕рдорд░реНрдерд╛ рднрд╡рддреНрд╡рд╛рд╢рд┐рд╖рд╛ рддреЗ рднреГрд╢рдореН ред

рджреЗрд╢ рд╕рд░реНрд╡рдкреНрд░рдердо ред
India First! Proud Hindu!
RTs are not endorsements."
5,"Builder of BIG temple, 1000 years old, Survived 6 earthquakes
Weighs 130,000 tons
pure architectural marvel, This temple tower is 216 feet. real wonder of world"
6,
7,Authentic data provider
8,"Geological Advisor @ Tatweer Petroleum, Bahrain"
9,"From observer microbiologist - tutor in SuIMS Shimoga - tutor in ESIC medical College - today District Microbiologist@ Haveri, Karnataka. ЁЯШМ"
10,Your grandma probably knowтАЩs me ЁЯХКя╕П  Del | J&K ЁЯЩЕЁЯП╝
11,Love
12,"IGNORE NEGATIVITY тЬМя╕ПЁЯШО
Proud to be a #ThalapathyVijay fan
Crazy fan of #KingKohliЁЯШО
music loverЁЯОзЁЯО╝ 
KILL THEM WITH YOUR SUCCESS. BURY THEM WITH YOUR SMILEЁЯШО"
13,works in Pharma Industry.
14,iam student
15,Simple Man
16,Indian
17,DREAMER
18,I'm Hard BJP Worker. Always Curious To Make Strong World's Largest Political Party BJP.
19,I Love my India
20,"рдкрд╛рдВрдбрд╡реЛрдВ рдЬреИрд╕реА рд╡рд┐рд╡рд╢рддрд╛ рдЖрдПрдЧреА...
рддреЛ рд╣рд┐рд╕реНрд╕реЗ рдореЗрдВ рдХреГрд╖реНрдг рднреА рдЖрдПрдВрдЧреЗред"
21,"Nationalist, Strategic Affairs, Market Intelligence, Politics, Intelligence, Defense, Research"
22,
23,libbies n Chuslims interact at ur own https://t.co/J98rKMZXx8 any post is not Mine all r Copied/May B Copied/ May B mine .Bio mein itna hi Interested the to Dr. ban Jaat
24,"CEO Indinext Venture FZ-LLC ЁЯСйтАНЁЯТ╗an ex actressЁЯОе Owner @dateabrand Fashion, beauty & lifestyle International Multivendor Online store"
25,ЁЯШОЁЯШО ЁЯШО
26,"Faculty, NIT Raipur"
27,Information Department
28,"A common Citizen... BJP Supporter ..
Jai Hind ki Sena...
Ganga n  Himalayas  #MyHome.....
Namaste Sadavatsale MatrubhoomeЁЯЗоЁЯЗ│"
29,"INDIAN | FOODIE | Gadget geek | Music lover | Vocalist | Animal Lover | CRICKET IS тЭдя╕П
.
.
.
INSTAGRAM - https://t.co/WOUI1MUHgi"
30,
31,"'Top Rated Plus' Freelancer @upwork Digital marketing manager, Web designer and visual content creater. Spiritual enthusiast. MahadevЁЯТЧ"
32,Lawyer
33,Proud Hindu nationalist
34,Project Engineer -Electrical Divisions_Power project
35,
36,"тЭдтЭдliving the dream тЭдтЭд
             
               instagram -https://t.co/5gG6TxLmB6"
37,
38,
39,Road Runner! Proud Bhakt of Maa Bharti!!! Vande Matram!!! Hindu Nationalist! India First! Don't Judge by tweets or Retweets!
40,Be real
41,IтАЩm a man who drinks  teaЁЯН╡
42,
43,
44,Solanki #Rajasthani #Didgeridoo
45,political party in BJPЁЯЗоЁЯЗ│ЁЯЪй
46,#SSRians Follow Each Other and Make Powerful Our SSR Army.
47,рмЕрмЬрм╛ рмЩрнНрмХ рмЦрммрм░ рмХрнБ рмЖрмкрмгрмЩрнНрмХрнБ рм╕рнНрн▒рм╛рмЧрмд l
48,I can and I will
49,Want to see Maa Bharti Vishwaguru
50,
51,
52,
53,
54,"ЁЭРЦЁЭРЪЁЭРвЁЭРнЁЭРвЁЭРзЁЭРа ЁЭРЕЁЭРиЁЭРл #ЁЭРАЁЭРЭЁЭРвЁЭРйЁЭРоЁЭРлЁЭРоЁЭРмЁЭРб #ЁЭРТЁЭРЪЁЭРеЁЭРЪЁЭРЪЁЭРл #ЁЭРПЁЭРлЁЭРиЁЭРгЁЭРЮЁЭРЬЁЭРнЁЭРК #ЁЭРТЁЭРйЁЭРвЁЭРлЁЭРвЁЭРн

ЁЯМкя╕П"
55,"Serious case of wanderlust, Modern Conservative, Hate Babas/Mullahs. Interests: Sports, Politics & Policy."
56,"RTO, Banking, Management, IT, Auditor, CyberSec, Future Lawyer, Stock Market learner, UP wala... wagairah wagairah"
57,In future INDIAN ARMY makes me special.. My life is dedicated too INDIAN ARMY..
58,"Defence, Aerospace & Strategic Affairs Journalist
Group Editorial Head (Defence, Security & Police), Businessworld"
59,"Lawyer,Social Activist,Nationalist, DM for further queries, RTs are not endorsements! Support Farmers Protest"
60,Not the regular Doctor ЁЯШ╖ЁЯШИ Blocked by @RanaAyyub @Dhruv_Rathee @CJWerleman @AudreyTruschke & other such anti-national bigots/hypocrites ЁЯШк
61,Funny Political party Jokes
62,
63,India
64,
65,"тЧПтЧЛ┬░тАвBright Vachirawit Chivaaree тАв┬░тЧЛтЧП
тЩзтЧЗWang YiboтЩдтЩб

Call me 'Hikari' - mtjj ЁЯжБ brightЁЯМЮ from ЁЯЗоЁЯЗ│"
66,
67,рдорд╛рдирд╕ рдХреА рдЬрд╛рдд рд╕рдмреЗ рдПрдХ рдкреЗрд╣рдЪрд╛рдирдмреЛ -риори╛риири╕ риХрйА риЬри╛рид ри╕рй▒ринрйЗ риПриХ рикри╣ри┐риЪри╛рииримрйЛ
68,"родрпЗроЪроорпЗ родрпЖропрпНро╡роорпН, роЬрпЖропрпНро╣ро┐роирпНродрпН, рокро╛ро░род родро╛ропрпН, роороХрпНроХро│рпН, рокро╛ро░роорпНрокро░ро┐ропроорпН, рокрогрпНрокро╛роЯрпБ. роЗроирпНродро┐ропро╛ роОройрпН роЙропро┐ро░рпН. роиро╛роЯрпНроЯрпБ роиро▓ройрпЗ роЙропро┐ро░рпН роорпВроЪрпНроЪрпБ. Editorial Board member https://t.co/HnmrRjvrho"
69,"A real man dies on a battlefield, and his body is wrapped in his country's flag.Who wants to die in bed,surrounded by his wife and children ? #ProudToBeAnIndian"
70,Member- Indian National Congress. SM. Opinions are all personal. RTs arenтАЩt endorsements.
71,
72,"ЁЯЗоЁЯЗ│... India muslimЁЯЗоЁЯЗ│
proud to be muslim Alhamdulillah
fast azan ..9/October"
73,"рд╕рдВрд╡реЗрджрдирд╛ рд╕реЗ рднрд░рд╛ рдЕрдВрддрд░реНрдорди,"
74,
75,???
76,congressman
77,"Renewables, Hard core NarendraModi follower, Proud of RSS, Jai Hind ЁЯЗоЁЯЗ│ Nehru became PM w/ 0-12 votes. blocked by Dr. @swamy39"
78,"ЁЯй║ЁЯй║ЁЯй║
ЁЯЗоЁЯЗ│ЁЯЗоЁЯЗ│ЁЯЗоЁЯЗ│"
79,"Chief Executive Officer, Leather Sector Skill Council."
80,NIT Nagpur. IIT Chennai. Proud Bharatiya. Proud Odia. Unapologetic Hindu. RTs and like are not endorsement.
81,"ЁЯЗоЁЯЗ│|Fashion|Food|Travel|Networking|FinTech|
#foodblogger|reviewer|critic|
Original #Zomato Level-13| #CR7 тЪ╜я╕П
DM for any queriesтЬЙ My blog тЖЩя╕П"
82,рдЖ рдиреЛ рднрджреНрд░рд╛: рдХреНрд░рддрд╡реЛ рдпрдиреНрддреБ рд╡рд┐рд╢реНрд╡рдд: |
83,
84,Life goes on with or without you
85,Here for memes & meaning
86,
87,"Official account of Public Relations Officer,  Ministry of Defence #Hyderabad"
88,
89,"A Nationalist!! Cricket Fanatic, Loves Hockey,Soccer. RTs do not necessarily mean endorsement."
90,"21

Meet me at the top,
The bottom is too crowded.ЁЯШЙ"
91,Fights against monsters who hurt little children such as some members of the US judiciary. Also a 'rocket scientist!' PhD Aerospace Engineering (Georgia Tech.)
92,"Looking for facts, not truth."
93,"Headstrong, Village Dweller, Dreamer."
94,"Industrialist, Great Admirer of @Narendramodi..!!!ЁЯЗоЁЯЗ│"
95,
96,"Member of Parliament, Rajya Sabha Facebook : PrakashJavadekarOfficial"
97,Just here to share my opinion on things.
98,
99,1Sun SRL
100,
101,Sikandar (INC)
102,Proud goenkar and GSB I am an ordinary person who has been blessed with extraordinary opportunities and experiences.ЁЯЪйЁЯЪйЁЯХЙя╕ПЁЯЩП@ChelseaFC  @DjokerNole  @RCBTweets
103,guys please follow of my Instagram a/c @sahin_maz05
104,"#2025millionaireЁЯШОЁЯШОЁЯШО
#Investor #cryptoloverЁЯдйЁЯдйЁЯдй
#ProudHindu #BJP #RSS
#Hinduism only
#CountryFirst ЁЯЗоЁЯЗ│ЁЯЗоЁЯЗ│ЁЯЗоЁЯЗ│ЁЯЗоЁЯЗ│ЁЯЗоЁЯЗ│ЁЯЗоЁЯЗ│ЁЯЗоЁЯЗ│
#рдПрдХрдЪ_рд╕реНрд╡рдкреНрдирдВ_рд╣рд┐рдВрджрд╡реА_рд╕реНрд╡рд░рд╛рдЬреНрдп"
105,berojgar
106,Bihari who made stock on hold.
107,
108,guys please follow of my Instagram a/c @sahin_maz05
109,"RTs, Likes тЙа Endorsements."
110,
111,silent
112,
113,"No bio,no one is curious to know me"
114,
115,Student
116,"Indian Blogger, Youtuber, Traveler, Parent, Story Teller, Numismatist, Social Activist, Dreamer"
117,рдмреНрд░рд╣реНрдо рд╕рддреНрдпрдо рдЬрдЧрдд рдорд┐рдереНрдпрд╛
118,
119,"Fashion Designer graduate from NIFT...
Officially_visual Merchandiser"
120,guys please follow of my Instagram a/c @sahin_maz05
121,Byline @TheLallantop
122,JAI HIND ЁЯЗоЁЯЗ│ЁЯЗоЁЯЗ│ЁЯЗоЁЯЗ│
123,
124,View personal and Retweet not Endorsements.
125,This Moment We Own ItЁЯТкI M
126,Soch rha hu
127,AIIMS
128,"Be Human тЭдя╕П
Nothing is above SELF RESPECTЁЯЗоЁЯЗ│"
129,guys please follow of my Instagram a/c @sahin_maz05
130,"BCA Arcade Business College, consultant, loves poetry"
131,
132,Simple Man
133,
134,
135,
136,"Nation first
I support what is Right..."
137,Former Distt. President
138,
139,"рдореА рдорд░рд╛рдареА | Marketing Campaign Specialist, B2B Marketing Expert at a leading Marketing Technology Company"
140,"рдХреЛрдорд▓ рдФрд░ рдорд╛рдирд╡реАрдп рд░рд╣рдирд╛ рдпрд╣ рдореЗрд░рд╛ рд╕реНрд╡рд╛рднрд╛рд╡ рд╣реИ , рдкрд░ рдпрд╛рдж рд░рд╣реЗ рдЬрдм рджреЗрд╢ рдХреЗ рд░рдХреНрд╖рд╛ рдХрд╛ рд╕рд╡рд╛рд▓ рд╣реЛ , рдореИрдВ рд╕рдмрд╕реЗ рдШрд╛рддрдХ рдФрд░ рд╢рдХреНрддрд┐рд╢рд╛рд▓реА рд╣реВрдБред"
141,"Member Government of India Advisory Council NIELIT , Ministry of IT"
142,
143,I wonder how many miles IтАЩve scrolled with my thumb.
144,
145,roy sahab
146,
147,Proud Indian
148,"#bitcoin 
#Peace 
#Love"
149,
150,ONLY HINDU  ЁЯЗоЁЯЗ│ЁЯЗоЁЯЗ│  SANATNIЁЯЫХЁЯЫХ
151,*All round Enthusiast*
152,Partner with PwC's Cyber Security Unit. Earlier worked for Tata Consultancy Services Ltd as Global Head of its Information Security and Risk Management Practice
153,"рдирдорд╕реНрддреЗ рд╕рджрд╛ рд╡рддреНрд╕рд▓реЗ рдорд╛рддреГрднреВрдореЗ
рддреНрд╡рдпрд╛ рд╣рд┐рдиреНрджреБрднреВрдореЗ рд╕реБрдЦрдВ рд╡рд░реНрдзрд┐рддреЛрд╣рдореНред
рдорд╣рд╛рдордЩреНрдЧрд▓реЗ рдкреБрдгреНрдпрднреВрдореЗ рддреНрд╡рджрд░реНрдереЗ
рдкрддрддреНрд╡реЗрд╖ рдХрд╛рдпреЛ рдирдорд╕реНрддреЗ рдирдорд╕реНрддреЗрее резрее bigg boss15 
#PratikIsTheBoss
pratik"
154,"follow and get follow back ЁЯФЩ

#EDM #PT #Steven_Wilson  #Maria_Pedraza admirer."
155,#SpeakupforSSCRailwayStudents
156,Endeavouring to create a safe environment for Women against Political Violence & Crime . I practice what I post
157,Trying to be Neutral in every aspect
158,#SpeakupforSSCRailwayStudents
159,Avid learner тЬНя╕П
160,"sIdHi bAaT nO bAkWaS ЁЯШО
рднрд╛рд░рдд рдорд╛рддрд╛ рдХреА рдЬрдп ЁЯЩПЁЯЩПтЬК"
161,Student
162,"Software Engineer , Proud Navodayan.                                  Love @MadhuriDixit ЁЯТГтЭд..all day, everyday. 
Bibliophile ЁЯУЦ...Sports , Music ЁЯО╢."
163,
164,"рдЬрдм рдХреЛрдИ рдЧрд▓рдд рд╣реЛрдЧрд╛ рдореЗ рдЕрдкрдиреА рдЖрд╡рд╛рдЬ рдЙрдард╛рдКрдВрдЧреА рдЕрдкрдиреЗ рд▓реЛрдЧреЛ рдХреЗ рд▓рд┐рдП, рдЕрдкрдиреЗ рдзрд░реНрдо рдХреЗ рд▓рд┐рдП, рдЕрдкрдиреЗ рджреЗрд╢ рдХреЗ рд▓рд┐рдП.
рдЬрдп рд╣рд┐рдиреНрдж.. рд╣рд░ рд╣рд░ рдорд╣рд╛рджреЗрд╡ ЁЯТРЁЯЩП"
165,реР редред рд▓реЛрдХ: рд╕рдорд╕реНрдерд╛ рд╕реБрдЦрд┐рдиреЛ рднрд╡рдиреНрддреБ редред реР
166,"Football, FC Bayern Munchen, Die Mannschaft, Financial Markets."
167,"Right to speak is fundamental right, so I take it as my тЪбpower ЁЯТкЁЯШО"
168,"*рдЬрдп рдЬрдп рд╢реНрд░реА рд░рд╛рдо*
рдирдореЛрд╕реНрддреБрддреЗ рдирдореЛ рдирдордГ !
рдЬрдп рд╣рд┐рдВрдж !
рдЬрдп рднрд╛рд░рдд !"
169,Procrastinator
170,"""There is a truth to know, a work to do"": poet-professor-public intellectual not merely a political animal. Views are personal."
171,"рдирд╛ рдХрд┐рд╕реА рд╕реЗ рдИрд░реНрд╖реНрдпрд╛, рдирд╛ рдХрд┐рд╕реА рд╕реЗ рдХреЛрдИ рд╣реЛрдбрд╝,рдореЗрд░реА рдЕрдкрдиреА рдордВрдЬреАрд▓реЗ, рдореЗрд░реА рдЕрдкрдиреА рджреМрдбрд╝..!!тМЫ"
172,рдЖрддреНрдордирдГ рдХрд╛рдорд╛рдп рд╕рд░реНрд╡рдВ рдкреНрд░рд┐рдпрдВ рднрд╡рддрд┐...ред
173,Sikandar (INC)
174,Proud Indian ЁЯЗоЁЯЗ│
175,Madan
176,
177,"рд░рд╛рд╖реНрдЯреНрд░рд╡рд╛рджреА, рдкреНрд░рдХреГрддрд┐рдкреНрд░реЗрдореА"
178,F
179,
180,"News8Plus collects news from various trusted sources & publish in a single platform. News8Plus for realtime news updates.

Facebook Page- https://t.co/wndV7TZYNv"
181,рд░рд╛рд╖реНрдЯреНрд░ рд╕рд░реНрд╡реЛрдкрд░рд┐
182,Domains
183,"рдереЛрдбрд╝рд╛ рд╕рд╛ рдЧреБрд░реВрд░ рдмрдб рдЬрд╛рддрд╛ рд╣реИ ЁЯШО , рдЬрдм рдХреЛрдИ рд╣рдореЗрдВ...!

 рд╢рд┐рд╡_рднрдХреНрдд рдХрд╣ рдХрд░ рдкреБрдХрд╛рд░рддрд╛ рд╣реИ тЭдя╕ПреР рдирдордГ рд╢рд┐рд╡рд╛рдпЁЯЩПЁЯЩПЁЯЩПЁЯЗоЁЯЗ│"
184,"27! NodeJS Developer. ProudIndian

Don't believe in any God:- NashtikHindu"
185,"loves Beaches N Social Media... writer... thinker..!! Extreme liberal INDIAN

#IPL_FAN #DELHICAPTIALS #GUJARATTiatan"
186,"An Artist by heart тЭдя╕П, 3 top priorities of life- Nation, Family n Work, huge fan of @narendramodi , Believe in - Live n Let Live. Desires- Only what I deserveЁЯдЧ"
187,
188,Marine Engineer.. Enthusiastic. Learner.
189,Ayurvedic Physician
190,bhagwa RisingЁЯЪй
191,"с┤Ы╩Ьс┤З ЁЭШЛЁЭШ░ЁЭШдЁЭШ╡ЁЭШ░ЁЭШ│ ╔┤с┤Зxс┤Ы с┤Ес┤Пс┤П╩А тЩбтЩб


ЁЯдНЁЯСиЁЯП╗тАНтЪХя╕ПтЭдя╕П

#ЁЭЧЬЁЭЧбЁЭЧЧЁЭЧЬЁЭЧФЁЭЧб ЁЯЗоЁЯЗ│"
192,
193,"ЁЯТп % follow back
*
Believes in Idea of Equality, Equity and Freedom 
#proudINDIAN
#Liberal
Tries to be respectful until the second last moment of conversation"
194,
195,Analyst
196,"Based in New Delhi. Editorial Director, The New Indian Express and The Sunday Standard. Always looking for a new challenge. RT not endorsements."
197,"BHUIT'74 alumni. FIETE, Member QCFI 
рдПрдХ рдЖрдо рдЖрджрдореАред рдЯреНрд╡реАрдЯреНрд╕ рдирд┐рдЬреА рд╣реИрдВред"
198,Do good & be good. I'm an Indian ЁЯЗоЁЯЗ│.
199,IT Professional and a great nationalist. Always apolitical and on the Right SideЁЯШК Likes traveling in HimalayasЁЯШДЁЯШДЁЯШК
200,
201,"Carnatic Music, Weather, and current affairs in the world are some of my passion"
202,"Realistic attitude, never shy away from calling a spade as spade, forgiving"
203,
204,
205,|| Defence & Geopolitics || Nationalist ЁЯЗоЁЯЗ│ ||
206,
207,I am intelligent. Sometimes.
208,
209,
210,
211,рднрд╛рд░рддреАрдп  рдЬрдирддрд╛  рдкрд╛рд░реНрдЯреА  (( рд╕реЛрд╢рд▓ _ рдореАрдбрд┐рдпрд╛ _ рд╕рдВрдпреЛрдЬрдХ )) рдмреНрд▓реЙрдХ  рдЦрдВрджреМрд▓реА рддрд╣рд╕реАрд▓ рдПрддрдорд╛рджрдкреБрд░ рдЬрд┐рд▓рд╛ (( рдЖрдЧрд░рд╛ _ рдорд╣рд╛рдирдЧрд░ )) ЁЯЩПЁЯП╗
212,"Chemist, nationalist"
213,
214,https://t.co/iIZyDR1vaW
215,ЁЯЗоЁЯЗ│
216,#SpeakupforSSCRailwayStudents
217,"Super Sanatani. Son of Maa Bharathi.

Every beginning has an end.
Sanatana Dharma - No Beginning, No End

рдорд╛ рдХреБрд░реБ рдзрдирдЬрдирдпреМрд╡рдирдЧрд░реНрд╡рдВ,
рд╣рд░рддрд┐ рдирд┐рдореЗрд╖рд╛рддреНрдХрд╛рд▓рдГ рд╕рд░реНрд╡рдВред"
218,"Buddham Saranam Kachami!!
рокрпБродрпНродроорпН роЪро░рогроорпН роХроЪрпНроЪро╛рооро┐!!"
219,
220,"A lifelong student, Blaugrana at heart and worshipper of Leo Messi.. Visca el Bar├зa !!! and #MessiForever"
221,
222,Engineer ЁЯСитАНЁЯТ╗ #Diehard_Fan_Of_NarendraModiJi Proud Indian |Nationalist |Traveller | Nation First        Har Har Mahadev ЁЯЩП
223,forget about itЁЯШЗ
224,
225,"#Modi_SupporterЁЯЪйTrue PatriotЁЯМПNation FirstЁЯЗоЁЯЗ│( Biggest Fan of #Trump ЁЯЗ║ЁЯЗ╕ ) Heart felt Love ЁЯЗоЁЯЗ▒
ЁЯТеMODI JI KA CHOWKIDARЁЯТеSocial workerЁЯТе
#RSS #BJP #Modi #Yogi"
226,
227,
228,"#Entrepreneur, #TeamMan , Giving Visions to Great Idea, #GlobalCitizen, #India, #MiamiHeatforLife #SEO"
229,
230,Never be afraid of what you are going for !
231,"рдЬреЛ.рдХреБрдЫ рдХрд░реЛ.рджреЗрд╢ рдХреЗ рд▓рд┐рдП рдХрд░реЛ.ЁЯТРЁЯЪйЁЯМ╣тЭЧЁЯЩПЁЯТУЁЯТЮЁЯНВЁЯМ▓ЁЯМ▒ЁЯМ▒ЁЯМ┐ЁЯНАЁЯСПЁЯМ╖тЬНя╕П  рд░рд╛рд╖реНрд╡рд╛рджреА рд╡рд┐рдЪрд╛рд░рдзрд╛рд░рд╛.
 ........... рдпреЗ рдореЗрд░рд╛ рднрд╛рдЧреНрдп рд╣реЗ , рдореЗрдВ рд╣рд┐рдиреНрджреВ  рд╣реВрдБ ЁЯЪй"
232,Proud to be an IndianЁЯЗоЁЯЗ│.!motihari!Bihar.cbse private candidate! SIT sitamarhi CSE!BYJU'S exam prep ЁЯОп gate exam! DPS! YouTuber! .
233,Teacher
234,рдкреНрд░рдХреГрддрд┐ рдХреА рд░рдХреНрд╖рд╛ рдХрд░реЛ рдкреНрд░рдХреГрддрд┐ рддреБрдореНрд╣рд╛рд░реА рд░рдХреНрд╖рд╛ рдХрд░реЗрдЧреАред рдкрд╛рдиреА рдкреЗрдЯреНрд░реЛрд▓ рдФрд░ рдкреИрд╕реЗ рдХреЛ рдмрдЪрд╛рдПрдВред рдкреГрдереНрд╡реА рдиреЗ рдЕрдкрдиреЗ рдЧрд░реНрдн рдореЗрдВ рд╣реА рдЕрдкрдиреА рдореМрдд рдЫреБрдкрд╛рдИ рд╣реИ рд╡реЛ рд╣реИ рдкреЗрдЯреНрд░реЛрд▓рд┐рдпрдоредЁЯЗоЁЯЗ│ЁЯЪй
235,I reckon on Life's surprises. Let's see what's in store for today !! Mature Inoffensive! Keeping it Real since '96. #Reggae
236,"*Tweet! Tweet!* Who is it? 
A little blue bird, 'Twitter' is what you call it!"
237,#SpeakupforSSCRailwayStudents
238,"State Co.Convenor IT/SM,

Former Regional Incharge- Magadh Range, IT/SM @BJP4Bihar 

Instagram @shubhamrajsinghbjp"
239,Indian ЁЯкЦ armyтЭдя╕ПтЭдя╕П
240,"Waheguru Ji Ka Khalsa 
Waheguru Ji Ki Fateh 
Proud Descendant of SINDHU"
241,"Reader, Music lover, spriritual follower, love for adventure, travelling, SAP FICO Consultant"
242,"Just Do It тЩВя╕П рдпрджрд╛ рдпрджрд╛ рд╣реА рдзрд░реНрдорд╕реНрдп рдЧреНрд▓рд╛рдирд┐рд░реНрднрд╡рддрд┐ рднрд╛рд░рдд @narendramodi Struggling doesnтАЩt mean youтАЩre failingтА╝я╕ПрджреБрд░реНрдмрд▓ рдХреЛ рди рд╕рддрд╛рдЗрдпреЗ,рдЬрд╛рдХреА рдореЛрдЯреА рд╣рд╛рдптА╝я╕П рдзрд░реНрдо рд╣рд┐рдВрд╕рд╛ рддрдереИрд╡ рдЪ:"
243,writer
244,Latest information
245,HMTV is a leading Telugu news channel. This page is your destination for the fastest news updates on Twitter! Our Live Updates;  https://t.co/BCnzdDFaSXтАж
246,#SpeakupforSSCRailwayStudents
247,Hi Anoop here
248,#SpeakupforSSCRailwayStudents
249,Teacher | New Delhi
250,"рдирд╣реА рд▓рд┐рдЦреВрдБрдЧрд╛ рдЧреМрд░реА ,рдЧрдЬрдиреА,рдирд╣реАрдВ рдЕрдХрдмрд░ рдорд╣рд╛рди рд▓рд┐рдЦреВрдБрдЧрд╛
рдирд╣реА рд▓рд┐рдЦреВрдБрдЧрд╛ рдмрд╛рдмрд░, рд╣реБрдорд╛рдпреВрдБ , рддреИрдореВрд░ рдХреЛ рд╢реИрддрд╛рди рд▓рд┐рдЦреВрдБрдЧрд╛
рдХрд▓рдо рдореЗрд░реА рд░рд╛рд╖реНрдЯреНрд░ рдХреЛ рд╕рдорд░реНрдкрд┐рдд рднрд╛рд░рдд рдХрд╛ рдпрд╢рдЧрд╛рди рд▓рд┐рдЦреВрдБрдЧрд╛"
251,"Jai Jawan
Jai Kisan"
252,I believe himself
253,Life every time feel u part of world
254,"Loves Travelling, Techie by heart, Photo enthusiast. All views are personal and you are free to disagree."
255,"Supportable,helping everyone,ssc aspirant"
256,Aum
257,
258,"Author, Mentor, Guide, Marketing Scientist, Strategist, Business Process Re-Engineer.
Creator of the '7 Principles of Manifesting Thoughts' - 4 books released."
259,"Farming life ,, the best life..pride for me"
260,рд╕рд░реНрд╡реЗ рднрд╡рдиреНрддреБ рд╕реБрдЦрд┐рдирд╛ЁЯЗ│ЁЯЗк
261,
262,"iOS Developer at Altimetrik , Deep Thinker, History, Art and Nature Lover, Politics, Truth Seeker."
263,"ЁЯЪйProud to be a Hindu and HindustaniЁЯЪй

Followed by- @YogiDevnath2 @rakesh_bstpyp @dineshbjp09 @Bambalal_BJP @naveenthacker @sdPachauri1 @DrAvadheshBJP  +..."
264,Too unoriginal to make my own┬аbio.
265,"Working as Senior Engineer in Railway's production unit.
рдХреЛрдИ рд╣рд╛рде рднреА рди рдорд┐рд▓рд╛рдПрдЧрд╛ рдЬреЛ рдЧрд▓реЗ рдорд┐рд▓реЛрдЧреЗ рддрдкрд╛рдХ рд╕реЗ
рдпреЗ рдирдП рдорд┐рдЬрд╝рд╛рдЬ рдХрд╛ рд╢рд╣рд░ рд╣реИ рдЬрд╝рд░рд╛ рдлрд╝рд╛рд╕рд▓реЗ рд╕реЗ рдорд┐рд▓рд╛ рдХрд░реЛ
рд╢рд╛рдпрд░ рдмрд╢реАрд░ рдмрджреН"
266,Fun loving person. citizen of the world. All blood and no tomato chutneyЁЯЩП
267,Please complete old pending recruitments of IAF and ARMY
268,Author of historical fiction & journalist with Times of India.Write on auto industry. Love history & animals. Author @HachetteIndia @HarperCollinsIN
269,
270,Iftekharahmedmaruf@gmail.com
271,Life every time feel u part of world
272,
273,Bio under construction.
274,
275,blogger редред writer редред reader
276,#SpeakupforSSCRailwayStudents
277,"Just By virtue of being a Sanatani, I am the best among all and superior to all. All santanis are superior to non-Sanatanis."
278,
279,forget about itЁЯШЗ
280,
281,"I give a followback.

PatrioticтЭдIndian armed forcesтЭдSports enthusiastтЭдCricketтЭдNarendra ModiтЭдVirat KohliтЭдMomтЭдSweetsтЭдGadgetsтЭдSleepтЭдWork outтЭдpoliticsтЭдJAATтЭд."
282,Engineering student! Reader!
283,writer
284,"35M , FX trader, crypto"
285,Politics | News Junkie | Techie | ЁЯСитАНЁЯТ╗ graduate | р▓Хр▓ир│Нр▓ир▓бр▓┐р▓Ч | Patriot ЁЯЗоЁЯЗ│ | Agricultural Enthusiast ЁЯМ╛| Photophile ЁЯУ╕
286,"Working as Senior Engineer in Railway's production unit.
рдХреЛрдИ рд╣рд╛рде рднреА рди рдорд┐рд▓рд╛рдПрдЧрд╛ рдЬреЛ рдЧрд▓реЗ рдорд┐рд▓реЛрдЧреЗ рддрдкрд╛рдХ рд╕реЗ
рдпреЗ рдирдП рдорд┐рдЬрд╝рд╛рдЬ рдХрд╛ рд╢рд╣рд░ рд╣реИ рдЬрд╝рд░рд╛ рдлрд╝рд╛рд╕рд▓реЗ рд╕реЗ рдорд┐рд▓рд╛ рдХрд░реЛ
рд╢рд╛рдпрд░ рдмрд╢реАрд░ рдмрджреН"
287,IтАЩm a proud Hindu
288,"рдвреЛрдВрдЧрд┐рдпреЛрдВ рд╡ рджреЛрд╣рд░реЗ рдорд╛рдкрджрдВрдб рд╡рд╛рд▓реЗрдВ рд╕реЗрдХреНрдпреБрд▓рд░ рдХреБрдХреНрдХрд░-рдореБрддреНрддреЛрдВ рдХреЗ рд▓рд┐рдП рд╣реИ, рдореЗрд░рд╛ рддреЗрд▓ рдкрд┐рд▓рд╛рдпрд╛ рджрдВрдб ! 

рджрд┐рдЦрддрд╛ рд╣реВрдБ рдореИрдВ рд╢реИрд╡,рдЖрдЪрд░рдг рдореЗрдВ рд╡реИрд╖реНрдгрд╡,рдЕрдБрджрд░ рдореИрдВ рд╢рд╛рдХреНрдд рдФрд░ рдореИрдВ рд╣реВрдБ рд╣рд┐рдиреНрджреВ !"
289,Engineering student! Reader!
290,
291,an Average Joe. Politically Neutral.
292,"тЬНя╕ПAuthor - рдЬрдирддрд╛ рдорд╛рд▓рд┐рдХ ЁЯШЗEntrepreneur ЁЯОУIIT-BHU 2000
Citizen empowerment
Grassroot work in UP. Transforming village-by-village, city-by-city.
ЁЯТзрдЧрдВрдЧрд╛ рд╕рд╛рдл рд╣реЛрдиреЗ рддрдХ"
293,observe ЁЯЩОтАНтЩВя╕П   #Bitcoin
294,
295,
296,"humble kannadiga, IT by profession and a mother of a naughty kid."
297,
298,
299,
300,
301,
302,"Missed to buy #Bitcoin in 2012, My Biggest Mistake of Life."
303,"рдпрджрд╛ рдпрджрд╛ рд╣рд┐ рдзрд░реНрдорд╕реНрдп рдЧреНрд▓рд╛рдирд┐рд░реНрднрд╡рддрд┐ рднрд╛рд░рдд ,
рдЕрднреНрдпреБрддреНрдерд╛рдирдордзрд░реНрдорд╕реНрдп рддрджрд╛рддреНрдорд╛рдирдВ рд╕реГрдЬрд╛рдореНрдпрд╣рдореНред
рдкрд░рд┐рддреНрд░рд╛рдгрд╛рдп рд╕рд╛рдзреВрдирд╛рдВ рд╡рд┐рдирд╛рд╢рд╛рдп рдЪ рджреБрд╖реНрдХреГрддрд╛рдореН ,
рдзрд░реНрдорд╕рдВрд╕реНрдерд╛рдкрдирд╛рд░реНрдерд╛рдп рд╕рдореНрднрд╡рд╛рдорд┐ рдпреБрдЧреЗ рдпреБрдЧреЗред"
304,"Stethoscope is the most expensive jewellery.
For it costs you,
Your Youth.

#postponeNEETandJEE
#NTAdeferNEETUG
#NTAshiftNEETUG"
305,
306,Humanity
307,Engineer by profession | Tweets are personal | Followed by Spokesperson of @BJP4UP Shri @manishBJPUP ji
308,"#рдореИрдВ рд╣рд┐рдиреНрджреВ рд╣реВрдБ рдФрд░ рд╣рд┐рдВрджреБрддреНрд╡ рд╣реА рдореЗрд░реА рдкрд╣рдЪрд╛рди рд╣реИред
рдкреНрдпрд╛рд░ рдХрд░реЛ рдЕрдкрдиреЗ рджреЗрд╢ рдФрд░ рд╕реЗрдирд╛ рд╕реЗред"
309,Racer. Racing Engineer.
310,
311,"Namo-supporter , RSS Swayamsevak, Nationalist, social Madadgar @Madadgarparivar"
312,The Official Twitter Account of the UPSSVM Handle by @farhanAhmad_k RTs are not Endorsements
313,
314,
315,Indian First
316,рдореБрдлрдЯ
317,Sanatani ЁЯХЙ
318,
319,Government and Politics
320,i welcome this cruelty as i am very welcoming
321,
322,"Proud to be indian
рдЬрдп рд╣рд┐рдВрдж рдЬрдп рд╣рд┐рдВрдж рдХреА рд╕реЗрдирд╛ЁЯЩПЁЯЗоЁЯЗ│"
323,
324,
325,Proud Hindu. Life is fun. Enjoy it.
326,
327,
328,Love yourself
329,"I like actively participating in overall national and international news, Tennis Fan ЁЯО╛, Sports enthusiast, science, space and overall multidisciplinary тЬи"
330,
331,"If Adharma is to exist, let it be under the heel of Dharma рее Incorruptible рее
RTsтЙаEndorsements."
332,"Social worker/media news writer/ Travellers. 

If you donтАЩt follow me back itтАЩs your loss because I have nothing to lose.ЁЯдЧЁЯдЧЁЯдЧ

рдХреГрдкрдпрд╛ рдорд╛рд╕реНрдХ рдХрд╛ рдкреНрд░рдпреЛрдЧ рдХрд░реЗрдВ !"
333,Dy. Manager in MNC ЁЯЗзЁЯЗ┤ рджреЗрд╢ рднрдХреНрдд ЁЯЗзЁЯЗ┤
334,Avid follower of Politics and real cricket. Retweets are not necessarily endorsements.
335,My purpose & goal ? - рдкреНрд░рднреБ рдХрд╛ рджрд╛рд╕ редред рдПрд╡рдВ рдореЛрдХреНрд╖ рдкреНрд░рд╛рдкреНрддрд┐ ( Loyal servant of Paramatma & liberation/ Moksha )
336,
337,"Bhartiya, Hindu. My views are based on #observational science and unbiased. редредреР рдЕрд╕рддреЛ рдорд╛ рд╕рджреНрдЧрдордпред рддрдорд╕реЛ рдорд╛ рдЬреНрдпреЛрддрд┐рд░реНрдЧрдордпред рдореГрддреНрдпреЛрд░реНрдорд╛рдореГрддрдВ рдЧрдордпредред"
338,Avid follower of Politics and real cricket. Retweets are not necessarily endorsements.
339,"Bollywood obsessed, Business Consultant by profession and Punjabi by heart :)"
340,
341,
342,
343,"Working as Senior Engineer in Railway's production unit.
рдХреЛрдИ рд╣рд╛рде рднреА рди рдорд┐рд▓рд╛рдПрдЧрд╛ рдЬреЛ рдЧрд▓реЗ рдорд┐рд▓реЛрдЧреЗ рддрдкрд╛рдХ рд╕реЗ
рдпреЗ рдирдП рдорд┐рдЬрд╝рд╛рдЬ рдХрд╛ рд╢рд╣рд░ рд╣реИ рдЬрд╝рд░рд╛ рдлрд╝рд╛рд╕рд▓реЗ рд╕реЗ рдорд┐рд▓рд╛ рдХрд░реЛ
рд╢рд╛рдпрд░ рдмрд╢реАрд░ рдмрджреН"
344,"Proud Liberal Hindu !!
Liberal but not #Libtard
special dislike for #Hypocrites and #PseudoIntellects
RTs are not endorsements."
345,an empath
346,"Software Engineer, nationalist....India first ..!!!! #programming #trading #FNO #technology"
347,"Minister of Education and Minister of Skill Development & Entrepreneurship, Government of India. Views personal. RTs not endorsement"
348,"I like swimming, short stories, Bollywood, etc. I was born in India, but now live and work in Canada."
349,"BharatiyaЁЯЗоЁЯЗ│ | TechieЁЯУ▒| Foodie ЁЯеШ | Love ЁЯПП&ЁЯО╛ | DU | CDAC
RTs: Not Endorsements"
350,"Bollywood obsessed, Business Consultant by profession and Punjabi by heart :)"
351,ЁЯХЙ
352,
353,
354,"рдкреНрд░рд╡рдХреНрддрд╛, рдХреЛрд▓реНрд╣рд╛рдкреВрд░ рдорд╣рд╛рдирдЧрд░, рднрд╛рд░рддреАрдп рдЬрдирддрд╛ рдкрд╛рд░реНрдЯреА"
355,"Technology | Politics | Music | Movies | Sarcasm | Photography | 280 character blogger.
Hooked to Twitter since 2009.Back in a new profile after a brief hiatus"
356,"Bollywood obsessed, Business Consultant by profession and Punjabi by heart :)"
357,"Masters in Political Science~Allahabad University.
Writer. Storyteller.
рд╕реБрдХреВрди-рдП-рджрд┐рд▓ рдордпрд╕реНрд╕рд░ рдирд╛ рд╣реБрдЖ рдЗрд╕ рдЬрд╝рдорд╛рдиреЗрдВ рдореЗрдВ,
рдирд╛ рдЙрд╕рдХреЛ рдпрд╛рдж рд░рдЦрдиреЗ рдореЗрдВ рдирд╛ рдЙрд╕рдХреЛ рднреВрд▓ рдЬрд╛рдиреЗ рдореЗрдВ."
358,
359,"Working as Senior Engineer in Railway's production unit.
рдХреЛрдИ рд╣рд╛рде рднреА рди рдорд┐рд▓рд╛рдПрдЧрд╛ рдЬреЛ рдЧрд▓реЗ рдорд┐рд▓реЛрдЧреЗ рддрдкрд╛рдХ рд╕реЗ
рдпреЗ рдирдП рдорд┐рдЬрд╝рд╛рдЬ рдХрд╛ рд╢рд╣рд░ рд╣реИ рдЬрд╝рд░рд╛ рдлрд╝рд╛рд╕рд▓реЗ рд╕реЗ рдорд┐рд▓рд╛ рдХрд░реЛ
рд╢рд╛рдпрд░ рдмрд╢реАрд░ рдмрджреН"
360,
361,
362,Down to earth ЁЯМН
363,"Councillor of Amraiwadi ward.
Member of recreational and heritage comitty. 
Karnavati Mahanagar. 
Amraiwadi Vidhansabha
BJP karnavati Mahanagar."
364,
365,Name Airman Irshad
366,
367,"Latest Crypto News Tips & Tricks Free Call  Invest at your Own Risk 

If you want to Donate  Send through Tip Button"
368,Am a Santhani ! RSS !
369,"Memes on current situations.
RT Quote doesn't mean endorsement."
370,"Delivery Manager @tech_mahindra, #Learner, Likes innovative and constructive minds.. #positivity"
371,
372,"Be Kind 
тЬК ЁЯЪЬ
#TeamBaan ЁЯП╣
ЁЯТп% Follow back 

Must read classic novel 1984 by George Orwell.
Free download at https://t.co/sGdMsZqK80 
Never Amplify RT/QT Fascists"
373,Physician! Working in Critical Care Department! Workaholic! Working towards Affordable Healthcare in Haryana!
374,forget about itЁЯШЗ
375,"Love Natural Beauty, Views are personal
# Real Estate Consultant"
376,"рдЕрдкрдиреА рдХрд╛рдмрд┐рд▓рд┐рдпрдд рдЗрддрдиреА рдмрдврд╝рд╛рдУ рдХрд┐ рдЖрдкрдХреЛ рд╣рд░рд╛рдиреЗ рдХреЗ рд▓рд┐рдП
рдХреЛрд╢рд┐рд╢ рдирд╣реАрдВ,рд▓реЛрдЧреЛрдВ рдХреЛ рд╕рд╛рдЬрд┐рд╢ рдХрд░рдиреА рдкрдбрд╝реЗ!"
377,"Stethoscope is the most expensive jewellery.
For it costs you,
Your Youth.

#postponeNEETandJEE
#NTAdeferNEETUG
#NTAshiftNEETUG"
378,GET @patilgroup3 Patil Rail Infrastructure Ltd
379,Music
380,"Bollywood obsessed, Business Consultant by profession and Punjabi by heart :)"
381,"small steps, large vision."
382,make it large...ЁЯШО
383,Student sir
384,рдЬрдп рд╢реНрд░реА рд░рд╛рдо
385,
386,
387,"Unbiased. Real. Honest. A news channel that breaks the stereotype and sets the path for news. To Join our YouTube Membership, click ЁЯСЗhttps://t.co/CYsl03UzuW"
388,"тАЬFor I know that my Redeemer liveth, And that He shall stand at the latter day upon the earthтАЭ (Job 19:25)."
389,
390,forget about itЁЯШЗ
391,Engineering student! Reader!
392,
393,Name Airman Irshad
394,NMS Developer. Interested in equity market and farming.
395,
396,
397,India First... Proud Hindu... you can call me BHAKTH...
398,рд░рд╛рд╖реНрдЯреНрд░ рдкреНрд░рдердо
399,writer
400,"рдЬрдЧрджрдВрдм...ЁЯЪй
рдкреБрдгреЗ рдкреНрд░рд╛рдВрддрд╛рдЪрд╛ рд░рд╛рдЬрд╛ рд╢реНрд░реАрдордВрдд рд╢рд┐рддреЛрд│реЗ рджреЗрд╢рдореБрдЦ рд╕рд░рдХрд╛рд░...ЁЯФе                      
рд░рдпрдд рд╢реЗрддрдХрд░реА рд╕рдВрдШрдЯрдирд╛ ЁЯдЭ"
401,"Reiki HealerЁЯд▓
Karmic healer,
life coach ,
Numerologist ,
I AM ALL I NEED"
402,ЁЯЗоЁЯЗ│
403,"ONE-NATION,LAW,TAX,ELECTION, 

After 1947 where are our Hindus in Pakistan, Bangladesh, J&K and now starts in Kerala??? You are next. 
Vande matram."
404,News Editor @firstpost (@Network18Group). Past: News Editor @news24tvchannel;Consulting Editor (Digital) @prasarbharati;Asianet News; India Today Group; DNA; HT
405,
406,"IT Engineer, Magento Enthusiast, Fan of Sunny Deol and Ajay Devgn"
407,"Political activities, Social worker, writing in Bengali poem"
408,"рд╣рд┐рдВрджреВ - рдорд░рд╛рдард╛! ЁЯЪйЁЯЪй
рдорд╣рд╛рд░рд╛рд╖реНрдЯреНрд░ - рднрд╛рд░рдд!! ЁЯЗоЁЯЗ│ЁЯЗоЁЯЗ│
рд░рд╛рд╖реНрдЯреНрд░рд╣рд┐рдд рд╕рд╡реМрдкрд░рд┐рдГред
 рд╕рддреНрдпрдореЗрд╡ рдЬрдпрддреЗ!"
409,"рдЖрдВрдЧрди рд░рд╛рдЬрд╕реНрдерд╛рди рд░реЗ, рджреЛ рдмрд╛рддреЗрдВ рджрдорджрд╛рд░ред
рдЕрд▓реНрдЧреЛрдЬрд╛рдВ рдЦреЗрддрд╛ рдмрдЬреЗ, рд░рдг рдмрд╛рдЬреЗ рддрд▓рд╡рд╛рд░редред
рдЬрдп рд╣рд┐рдВрдж"
410,forget about itЁЯШЗ
411,"UPSC Geo-Scientist 2021 batch
@IIT Delhi alumni 
@Allahabad University Alumni 
Retweets are not endorsements"
412,forget about itЁЯШЗ
413,forget about itЁЯШЗ
414,"рдореЗрд░реА рдФрдХрд╛рдд рд╕реЗ рдмрдврд╝рдХрд░ рдореБрдЭреЗ рдХреБрдЫ рди рджреЗрдирд╛ рдореЗрд░реЗ рдорд╛рд▓рд┐рдХ !!
рдХреНрдпреЛрдБрдХрд┐ рд░реЛрд╢рдиреА рднреА рдЕрдЧрд░ рдЬрд░реБрд░рдд рд╕реЗ рдЬреНрдпрд╛рджрд╛ рд╣реЛ, рддреЛ рдЗрдиреНрд╕рд╛рди рдХреЛ рдЕрдиреНрдзрд╛ рдмрдирд╛ рджреЗрддреА рд╣реИ !"
415,"рд╕реНрдЯреЗрдЯ рдХреЙрд░реНрдбрд┐рдиреЗрдЯрд░ рд╕реЛрд╢рд▓ рдореАрдбрд┐рдпрд╛ - рднрд╛рд░рддреАрдп рд░рд╛рд╖реНрдЯреНрд░реАрдп рдХрд╛рдВрдЧреНрд░реЗрд╕ рд╕реЗрд╡рд╛рджрд▓ рдЭрд╛рд░рдЦрдВрдб @SevadalJH...... 
..........
  @INCIndia"
416,
417,"#I am #Hindu , #I am #Timeless & #I am #Imortal

           #рд╣рд┐рдВрджреВ    #рдорд░рд╛рдареА    #рднрд╛рд░рддреАрдп

      ЁЯЪйЁЯЪйЁЯЪй#рдЬрдп_рд╢реНрд░реА_рд░рд╛рдоЁЯЪйЁЯЪйЁЯЪй
                 RT ├Ч="
418,"Owner & founder at DUWARAH STORE,
CSP Bank Mitra. at State Bank of India & Union Bank of India,
Supervisor at Aadhaar card - UIDAI,

VLE at CSC,

ЁЯУЮ 7035199108"
419,"Engineer By Education ЁЯУЪ
YouTuber By Passion ЁЯд│
Traveler By Hobby ЁЯЫ╡
Cricketer By Love ЁЯПП тЭд"
420,ЁЯзб Live to travel тЬИя╕П
421,
422,army taiyari
423,"Gallantry (PPMG). Honoured to be followed by our respected  @narendramodi ji PM .Kashmir. politics, Terrorism , Astrology, Hindu religious texts , Temple visit"
424,"Maybe lone , But , Always a warrior
New to twitter , want to reach as many people as possible, want to create a family"
425,"ЁЯЗоЁЯЗ│
Sarcasm falls out of my mouth, just like stupid falls from yours.
EngineerЁЯСитАНЁЯТ╗"
426,"Official Twitter account 'Covering 33/11kv Substation Sitapuri & Shivpuri, Eidgah & Asalatpura Area of Moradabad'"
427,"student
sc St ma creamy layer lagu karo
dalit ias ko arakshan kyu mila"
428,Convenor It and Social Media at MP BJP DIST DHAR
429,"Keep the hope alive, never lose faith. One Day will come."
430,
431,forget about itЁЯШЗ
432,"ЁЯЗоЁЯЗ│тЭдя╕П Hyderabad тЭдя╕ПЁЯЗоЁЯЗ│
ЁЯЗоЁЯЗ│тЭдя╕П р░╣р▒Жр▒Цр░жр░░р░╛р░мр░╛р░жр▒Н тЭдя╕ПЁЯЗоЁЯЗ│
ЁЯЗоЁЯЗ│тЭдя╕П рд╣реИрджрд░рд╛рдмрд╛рдж  тЭдя╕ПЁЯЗоЁЯЗ│
 @Hyderabad #Telangana #Secunderabad #Hyderabadi #ро╣рпИродрпЖро░ро╛рокро╛родрпН #р▓╣р│Ир▓жр▓░р▓╛р▓мр▓╛р▓жр│Н"
433,"Give Respect, Take Respect. 

India First."
434,
435,Digital Asset collector
436,15011988
437,forget about itЁЯШЗ
438,"|| рдирд░реЗрдВрджреНрд░ рдореЛрджреА рднрдХреНрдд ||
|| @ рдирд░реЗрдВрджреНрд░ рдореЛрджреА рджрд┐рд▓ рд╕реЗ || 
редред рднрд╛рд░рдд рдорд╛рддрд╛ рдХреА рдЬрдп ||
           тЩетЩе тШЖтШЕрдЬрдп рд╣реАрдВрдж тШЕтШЖтЩетЩе"
439,hahahahaha
440,"Rx. KiranтЭдя╕П
Only BusinessтЬМя╕Пnot interested jobЁЯе▒"
441,Yogi Shiv Mahadev!
442,
443,Ayath
444,"fitness model 
music Lover ЁЯО╢ 
Gym Freak 
Mom-Dad lover тЭдя╕П
town-Meerut
Thanks To Allah for Giving me Everything тЭдя╕П"
445,Saree Menufecrer . # textile #surat
446,15
447,"fitness model 
music Lover ЁЯО╢ 
Gym Freak 
Mom-Dad lover тЭдя╕П
town-Meerut
Thanks To Allah for Giving me Everything тЭдя╕П"
448,
449,ЁЭХЛЁЭХЩЁЭХЦ ЁЭХжЁЭХЯЁЭХЦЁЭХйЁЭХТЁЭХЮЁЭХЪЁЭХЯЁЭХЦЁЭХХ ЁЭХЭЁЭХЪЁЭХЧЁЭХЦ ЁЭХЪЁЭХд ЁЭХЯЁЭХаЁЭХе ЁЭХиЁЭХаЁЭХгЁЭХеЁЭХЩ ЁЭХЭЁЭХЪЁЭХзЁЭХЪЁЭХЯЁЭХШ
450,forget about itЁЯШЗ
451,I may give out but I never give up!!!
452,"Proud Son & Husband - Travel Blogger & Vlogger - Youtuber - Content Creator. PGDM @MICA_Ahmedabad, Ex @accenture @IBM"
453,
454,"рдХрдЯреБ рд╕рддреНрдп рд╣реИ -
рд╕рд╛рдВрдк рдЬрдм рддрдХ рдЖрд╕реНрддреАрдиреЛрдВ рдХреЗ рдирд╛ рдорд╛рд░реЗ рдЬрд╛рдПрдВрдЧреЗ
рд╣реМрд╕рд▓рд╛ рдХрд┐рддрдирд╛ рднреА рд╣реЛ рд╣рдо рдЬрдВрдЧ рд╣рд╛рд░ рдЬрд╛рдПрдВрдЧреЗ.."
455,forget about itЁЯШЗ
456,
457,
458,
459,
460,рдореЗрд░реА рд╕рдВрд╕реНрдХреГрддрд┐ рдореЗрд░рд╛ рдЧрд░реНрд╡
461,
462,Dreamer.... Trying to achieve....!!
463,student
464,роЪроЩрпНроХро┐ роЖроХро┐роп роиро╛ройрпН.....
465,digital markting
466,"#smart boy #IтАЩm good with any one who love and like me
#ImWho #ImToday because of the choice ImadeYesterday.
#I WILL EITHER FIND A WAY OR MAKE ONE."
467,"Dear me, I'll make you proud one day."
468,"human being
Plant trees, save present, save future."
469,digital markting
470,"UK based Bihari. LSE alum, Found in London and Patna. Goofy and at times Spiritual.  ЁЯП┤єаБзєаБвєаБ│єаБгєаБ┤єаБ┐ ЁЯЗоЁЯЗ│ ЁЯРЪЁЯР╢ЁЯХЙ ЁЯМИ ally .   Follow Insta : Zenny_Scotland"
471,
472,
473,
474,"pakauji рдХреЗ рдмрдбрд╝реЗрднрдИрдпрд╛(рдореЛрдЯрд╛рднрд╛рдИ)!!
рдПрдХ рдмреЗрдЪрд╛рд░рд╛ рдЯреНрд╡реАрдЯрд░ рдХреА рдХрддреНрд░рд┐рдо рдмреБрджреНрдзрд┐рдорддрд╛(AI) рдХрд╛ рдорд╛рд░рд╛ рдЬрд┐рд╕реЗ рдЪрд╛рд╣рд┐рдпреЗ рдЖрдкрдХрд╛ рдлреЙрд▓реЛ рджреЛрдмрд╛рд░рд╛!! рддрдВрдЬ рд╡реНрдпрдВрдЧреНрдп рдХрдЯрд╛рдХреНрд╖ рд╡ рдлреЙрд▓реЛ рдмреИрдХ рдЖрджрдд рд╣реИ рдореЗрд░реА!!"
475,ЁЯТБтАНтЩВ
476,"рдЦреБрд╢реАрдпрд╛ рдорд┐рд▓рддреА рдирд╣реА рдорд╛рдЧрдиреЗ рд╕реЗ , рдордВрдЬрд┐рд▓ рдорд┐рд▓рддреА рдирд╣реА рд░рд╛рд╣ рдкрд░ рд░реБрдХ рдЬрд╛рдиреЗ рд╕реЗ , рднрд░реЛрд╕рд╛ рд░рдЦрдирд╛ рдЦреБрджреНрдж рдкрд░ рдФрд░ рдЙрд╕ рд░рдм рдкрд░ , рд╕рдм рдХреБрдЫ рджреЗрддрд╛ рд╣реИ рд╡реЛ рд╕рд╣реА рд╡рдХреНрдд рдЖрдиреЗ рдкрд░!"
477,
478,"State Secretary @bjp4tamilnadu
( IT & SM )



              my PM @narendramodi my Inspiration"
479,
480,Proud Sanatani Jai Shri Ram Har Har Mahadev
481,Shaping out some amazing digital experiences @Zoho
482,"| All about Hinduism, Hindu Population Safety and Religious Awareness | рд╡рд╕реБрдзреИрд╡ рдХреБрдЯреБрдореНрдмрдХрдореН | реР рдЬрдп рд╢реНрд░реА рд░рд╛рдо реР |"
483,"рдордВрдЬрд╝рд┐рд▓ рдХреЛ рдХреНрдпрд╛ рдкрддрд╛, рд╕рдлрд░ рдиреЗ рдХреНрдпрд╛-рдХреНрдпрд╛ рдЫреАрдирд╛ рд╣реИ !
                                ЁЯСПрдЬрдп рд╢реНрд░реА рд░рд╛рдоЁЯСП
100% follow backЁЯдЮ"
484,"People Who Are Crazy Enough To Think They Can Change The World, Are The Ones Who Do тЬи 
Carpe diem... тЩе | CA | CS | BCOM (A&F)"
485,
486,baaghi
487,forget about itЁЯШЗ
488,
489,adra sakke.. adra sakke..
490,
491,@TheJohnAbraham sir тЭдЁЯФетЭд
492,"Hindu ЁЯЩП
SaffaronistЁЯЪй

Student 
рдзрд░реНрдореЛ рд░рдХреНрд╖рддрд┐ рд░рдХреНрд╖рд┐рддрдГ"
493,
494,Mom ЁЯШЙ & Tution teacher ЁЯСйтАНЁЯПл
495,"Work as a Mechanical Superintendent in Cairn Oil and Gas, Vedanta Limited"
496,"ЁЯЗоЁЯЗ│ЁЯЗоЁЯЗ│ Rajkot city Mahilla morcha Mantri ...Samarpan trust committee member , Abgp member ,  Swadeshi jagaran Manch pramukh.ЁЯЗоЁЯЗ│ЁЯЗоЁЯЗ│"
497,"ResearcherЁЯОУ(Forest protection)ЁЯМ│!innovation- wildfire detection and control systemЁЯФе, Member of Indian youth congress, farmer...
views are my own.."
498,
499,"I am a happy go lucky guy.
I like to hang out with friends.
Watching movies.
Having late night long conversation.
Meeting strangers.
Meet me and know me."
500,communism And socialism ЁЯЗоЁЯЗ│
501,forget about itЁЯШЗ
502,"рддреБрдо рдирд╛рдЪрд▓реЛ рдореЗрд░реЗ рд╣рд╛рд▓ рдкрд░ рдЬреА рднрд░рдХреЗ рдордЧрд░ рдпрд╛рдж рд░рдЦрдирд╛
рддреБрдореНрд╣рд╛рд░реЗ рд╣рд╢реНрд░ рдкреЗ рдЬрд╝рдорд╛рдирд╛ рдереВрдХреЗрдЧрд╛,"
503,
504,Twin no. 2 | Marketing professional | Love to travel & click | Thinker | Explorer | Lover | Family first | Insta https://t.co/QmwMzHYYU2
505,"Proud Hindu, Gay, Out of the Closet. Views are my own, Unapologetic. I follow back only if I feel like it. and yes... I am 51 years old..."
506,
507,What you thinking about me it's doesn't matterЁЯди.... I'm in ur thinking dts my Attitude...ЁЯШО
508,"рдореБрдЭреЗ рдлрдХреНрд░ рд╣реИ, рдореИрдВ рднрд╛рд░рдд рдХрд╛ рдирд╛рдЧрд░рд┐рдХ рд╣реВрдВред

Health, Safety, Environment & Fire with Disasters Management Specialist ред

SERVING to SAVE - INDIA"
509,"*Profile Locked* 

."
510,
511,
512,рд░рд╛рд╖реНрдЯреНрд░ рдкреНрд░рдердо ЁЯЪйЁЯЪй
513,
514,From Bangalore
515,INDIAN | A Patriot | Engineer By Profession
516,
517,"Photon in a double slit ЁЯТе
Liebhaber der Astro & Mechanik
#navodayan"
518,Random thoughts
519,Everything is achievable through hard work
520,
521,Normal  human being..
522,"Vice President @INCDelhi, Ex Chairman Minority Department |MLA Candidate| Advocate |RTтАЩs are not endorsement|#рдЬрдпрд╣рд┐рдиреНрдж"
523,RAPDO@REPEATO
524,
525,
526,
527,"Social & Student Activist, Proud IndianЁЯЗоЁЯЗ│тШЭя╕П
Spokesperson @JKSWFofficial,NCC AlumniЁЯЗоЁЯЗ│,Indian Army KidтЭгя╕ПтЪФя╕П.
Worked on De_ Redicalization of Youths in J&KЁЯНБ"
528,
529,content aficionado and confidential marker viewer
530,"Professor, Scientist, Ex-president of Overseas Friends of BJP"
531,Designer in DINAMALAR (No.1 Tamil Newspaper)
532,"India First ЁЯЩПЁЯЩП Nabhaya, Paurushee, Cricket, Love, Care, Technology, Relations. Tweets are personal and do not reflect anyone else. Co-founder @BriBooks_global"
533,
534,"Minister of State for Power and Heavy Industries, Government of India.

Member of Parliament- Faridabad."
535,"#рдордВрдЬрд░

рдорд┐рд▓реЗ рдХреЛрдИ рдХрд╢реНрддреА рдРрд╕реА рдЬреЛ рджрд░рд┐рдпрд╛ рдкрд╛рд░ рдХрд░рд╛ рджреЗ,
рдорд┐рд▓реЗ рдХреЛрдИ рдпрд╛рд░ рдРрд╕рд╛ рдЬреЛ рджрд┐рд▓ рдХрд░рд╛рд░ рдХрд░рд╛ рджреЗ..

рдмреЗрдЪреИрди рдмрд╣реБрдд рд╣реВрдБ рдореИрдВ рдпрд╣рд╛рдБ рдЦреБрдж рдЕрдкрдиреЗ рд╣реА рд╡рдЬреВрдж рд╕реЗ,
рдорд┐рд▓реЗ рдХреЛрдИ рдкреНрдпрд╛рд░ рдРрд╕рд╛ рдЬреЛ рдЦреБрдж рд╕реЗ"
536,Traveller ЁЯМН
537,
538,
539,
540,niftylearner7
541,"a PROUD INDIAN, a PROUD HINDU, a PROUD TAMILIAN"
542,
543,
544,twits are strictly personal
545,
546,NO Repentance NO Grief NO Regret
547,Partition was a catastrophe that Ma Bharati will never recover from unless we get together to restore our motherland. Imagine #AkhandBharat in all its glory.
548,"Mech EnggЁЯФз
ЁЯПП"
549,
550,
551,
552,
553,
554,Indian
555,
556,Mother/traveller/Nature lover/foodie/ЁЯШН
557,"from Germany, yet happy and grateful to be in India for last 40 years...
Title of my book: Thank you India."
558,
559,
560,India is my religion and saving lives is my job
561,рд╕реНрд╡рдзрд░реНрдореЗ рдирд┐рдзрдирдВ рд╢реНрд░реЗрдпрдГ
562,Don't think too hard!..be positive..n juz chill!!ЁЯдШ
563,"Just in the process of making myself a better human being everyday.
Sometimes love exploring diff places & clothing.
Prefer Dance over everything....Everything!"
564,Indian(of course a proud one). Medicine Wholesaler. RT IS NOT ENDORSEMENT.
565,
566,тШоя╕П
567,Advocating efforts towards imparting a progressive change centred on Transparency & Accountability in Governance.
568,"Aspiring Film Maker, Follower of Pawan Kalyan, Jai Hind"
569,рд╕рдВрд╡реИрдзрд╛рдирд┐рдХ рдЕрдЫреВрдд
570,
571,burning gloriously!
572,Sometimes the best revenge is just a simple smile ЁЯШК тЭд
573,
574,
575,
576,"Salesforce Professional, Dancing BareFoot
#Traveller #Foodie #LoveComedy #ComicsLover"
577,
578,"Join the campaign тА╝я╕ПЁЭУШЁЭУ╜'ЁЭУ╝ ЁЭУРЁЭУ╡ЁЭУ╡ ЁЭУРЁЭУлЁЭУ╕ЁЭУ╛ЁЭУ╜ ЁЭУеЁЭУкЁЭУ╡ЁЭУ╛ЁЭУоЁЭУ╝ ЁЭУСЁЭУкЁЭУ╝ЁЭУоЁЭУн ЁЭУЯЁЭУ╕ЁЭУ╡ЁЭУ▓ЁЭУ╜ЁЭУ▓ЁЭУмЁЭУ╝ тА╝я╕П

риири┐ри░ринриЙ  риири┐ри░ри╡рйИри░ред  рдирд┐рд░рднрдЙ рдирд┐рд░рд╡реИрд░ред  Nirbhau and Nirvairред"
579,I am what I am.
580,
581,тШоя╕П
582,
583,seeker
584,
585,"рднрд╛рд░рддреАрдп, рд╣рд┐рдВрджреВ, Engineer"
586,
587,"рдирдорд╕реНрддреЗ рд╕рджрд╛ рд╡рддреНрд╕рд▓реЗ рдорд╛рддреГрднреВрдорд┐
           рдЬрдп рд╢реНрд░реА рд░рд╛рдоЁЯЪй"
588,тШоя╕П
589,"рд╣рд┐рдВрджреВ рддрди рдорди ,рд╣рд┐рдВрджреВ рдЬреАрд╡рди 
рд░рдЧ рд░рдЧ рд╣рд┐рдВрджреВ рдореЗрд░рд╛ рдорди"
590,"ЁЯМИрд╕реНрд╡рджреЗрд╢реА||рд╕реНрд╡рд╕реНрде||рд╕реНрд╡рд╛рд╡рд▓рдВрдмреА||рд╕реНрд╡рд╛рднрд┐рдорд╛рдиреА~рднрд╛рд░рдд
тЩея╕Прд╡рд╕реБрдзреИрд╡ рдХреБрдЯреБрдореНрдмрдХрдореН"
591,
592,"Media consultant
https://t.co/jy8bnzdXn3
https://t.co/FCBFgXovNL"
593,Optimistic*Nature lover*Thoughtful reader*World's humanity n peace lover*Follower of all communities which preach love n peace.
594,"Ex President BJP Mahila Morcha Rajasthan 
(рдкрдВ.рджреАрдирджрдпрд╛рд▓ рдЙрдкрд╛рдзреНрдпрд╛рдп рдЬреА(рддрд╛рдКрдЬреА) рдХреА рднрддреАрдЬреА рд╣реВрдБредрдЙрди рдХреЗ рд╕рд┐рджреНрдзрд╛рдиреНрддреЛрдВ рдХреЛ рдЬрди рдЬрди рддрдХ рдкрд╣реБрдЪрдирд╛ рдПрдХ рдорд╛рддреНрд░ рд▓рдХреНрд╖реНрдпред рднрд╛рд░рдд рдорд╛рддрд╛ рдХреА рдЬрдп)ЁЯЗоЁЯЗ│"
595,
596,
597,interested in Formula 1 and cricket
598,EntrepreneurтЪЩя╕ПGOIVolRetd PortEnggProfessionalтЪЩя╕ПAlumnus-GCT IIMA тЪЩя╕П ро╡ро╛ро┤рпНроХ родрооро┐ро┤рпН ЁЯМ║ ро╡ро╛ро┤ро┐роп рокро╛ро░род роорогро┐родрпНродро┐ро░рпБ роиро╛роЯрпБЁЯМ╕#BJP_2024_2026
599,
600,Santana Dharma Is The True Secularism
601,Altruistic
602,"рддреБрдо рдирд╛рдЪрд▓реЛ рдореЗрд░реЗ рд╣рд╛рд▓ рдкрд░ рдЬреА рднрд░рдХреЗ рдордЧрд░ рдпрд╛рдж рд░рдЦрдирд╛
рддреБрдореНрд╣рд╛рд░реЗ рд╣рд╢реНрд░ рдкреЗ рдЬрд╝рдорд╛рдирд╛ рдереВрдХреЗрдЧрд╛,"
603,
604,Ward No -20 BJP Social Media incharge.
605,"Hip Hop ЁЯТп
Proud Indian ЁЯЗоЁЯЗ│
Interested in politics, culture, cricket and comedy.
KP ЁЯЗоЁЯЗ│"
606,"Currently naukri...soon to come in female purohit avatar!!
Detachment is the Mantra and
RT doesn't mean I'm saying it!"
607,"""Try not to become a person of success, but rather try to become a person of value.""
Respect all Religion
Believe in Secularism
@WithINCIndia
@WithFarmers"
608,Jai shri ram
609,Advocate l Entrepreneur l Agriculturist l Politician l AIADMK IT Wing District Secretary Namakkal
610,рд╣реЗ рднрдЧрд╡рди рдХрд░рддрд╛ рд╣реБ рдЖрдкрд╕реЗ рдЧреБрдЬрд╛рд░рд┐рд╢ рдХреАтАж. рддреЗрд░реА рднрдХреНрддрд┐ рдХреЗ рд╕рд┐рд╡рд╛ рдХреЛрдИ рдмрдВрджрдЧреА рди рдорд┐рд▓реЗ тАж рд╣рд░ рдЬрдиреНрдо #рд╣рд┐рдиреНрджреБ рдЬреИрд╕реЗ рдкрд╛рд╡рди рдзрд░реНрдо рдореЗтАж рдпрд╛ рдлрд┐рд░ рдЬрд┐рдВрджрдЧреА рдирд╛ рдорд┐рд▓реЗ..#рдЬрдп_рд╢реНрд░реА_рд░рд╛рдо...тЫ│
611,This too will pass so keep walking... (all tweets are my personal views). Retweets do not imply endorsement.
612,
613,Vice Principal @ipsindirapuram | #CBSE Trainer | Regional Mentor @NitiAayog | #MIEExpert | Academic Coordinator & Head of Examinations @iprmgrp | #SDGs Advocate
614,Ward No -20 BJP Social Media incharge.
615,"#ReadSelective from the WORLD & Beyond, curated for you. #Daily #Latest from the #World #Universe."
616,"Please ignore my tweets, I have no idea what I am doing."
617,"Waheguru Ji ЁЯЩПЁЯП╝
Har Har Mahadev ЁЯЩПЁЯП╝
ЁЯЪйЁЯЗоЁЯЗ│ЁЯЪй"
618,"Mobile-first digital platform - objective, contextual, factual, informative, catering to all sets of audiences."
619,Straight from тЭдя╕П
620,
621,
622,"Never stop believing in hope,because miracles happen every day...ЁЯЩМЁЯШЗ"
623,"Non Political, Hindu Nationalist."
624,рдкреНрд░рдпрд╛рдЧрд░рд╛рдЬ рд╡рд┐рд╢реНрд╡рд╡рд┐рджреНрдпрд╛рд▓рдп || рд╣рд┐рдиреНрджреВ
625,рд░рд╛рд╖реНрдЯреНрд░рд╡рд╛рджреА
626,"рокро┐ро▒рокрпНрокрпКроХрпНроХрпБроорпН роОро▓рпНро▓ро╛ роЙропро┐ро░рпНроХрпНроХрпБроорпНЁЯЗоЁЯЗ│ Proud to be an IndianЁЯЗоЁЯЗ│ Social, Political,Economic AnalyistЁЯСЖNationalistЁЯЗоЁЯЗ│"
627,
628,Good
629,
630,
631,"Asst. Professor, Dept. of Computer Science, PES University, Bangalore, India"
632,
633,B.E.Mechanical
634,"I'm just the protagonist  in this world!
ЁЯЗоЁЯЗ│"
635,
636,"Welcome to the official handle of critically acclaimed writer, director & producers Vinay Sapru & Radhika Rao. https://t.co/rjts5ARcO2 https://t.co/a7R9Auc2xI"
637,Cabinet Minister of Social Justice & Empowerment - Govt. of Gujarat | MLA : 56 Asarwa Constituency
638,#Maidaan #Tanhaji  #Singham3 awaiting ЁЯШАЁЯШАЁЯША AD Fan
639,Preparing for NEET UG 2022
640,
641,"Member Of Parliament (Rajya Sabha- Gujarat), Ex. Dy. C.M.- Gujarat, Ex. President - @gcamotera"
642,"Tweets are personal Rts are not. Proud to be a Hindu ,Nationalist  #рд░рдг_рдореЗрдВ_рднрдЧрд╡рд╛рдзрд╛рд░реА"
643,Sanatana
644,ЁЯЪй Proud Hindu ЁЯХЙя╕ПЁЯХЙя╕ПЁЯХЙя╕П ЁЯЪй || RSS supporter || Nation first || ЁЯТп % follow back to nationalist ||
645,ЁЯМ╣ One Thing I Am Sure Of 'HE' Will Never Stop Loving MeтЭдя╕ПЁЯМ╣ЁЯЩПЁЯП╗
646,"facts don't care about your feelings.
I love Mars after Earth. when I disagree with U that doesn't mean I hate U.
RT's likeтЙаendorsement."
647,
648,Nothing
649,
650,"professor by profession
ЁЯЗоЁЯЗ│рд░рд╛рд╖реНрдЯреНрд░рд╣рд┐рдд рд╕рд░реНрд╡реЛрдкрд░рд┐ЁЯЗоЁЯЗ│, ЁЯЪйЁЯЪйрдЬрдп рд╢реНрд░реА рд░рд╛рдо ЁЯЪйЁЯЪй"
651,"Information Technology, MNC Executive, Consultant. Foodie (love street food), Music, Culture, People, Sports, Networking ЁЯЗоЁЯЗ│"
652,"FCA. AOL Volunteer.Guruji Sri Sri Ravishankar ji.A seeker of truth.Satya and Moksha.
RTs & Favorites not endorsement."
653,The thing that makes me special is I act as me!
654,Student
655,"рк╢рк┐рк╡ ркЬ рк╕ркдрлНркп ркЫрлЗ, professionally CA, CS"
656,"Proud Hindu.Proud Indian.
Vice president BJP
coimbatore north district"
657,"National intrest,
Photographer,
Traveller 
Explorer
Learner
,  , .ЁЯд│"
658,YouTube channel market s vlogs
659,Fan of @rajinikanth @narendramodi @annamalai_k
660,
661,
662,Om Namo Narayana ЁЯк╖ ( let's bow to the divine)
663,"ржЬрж▓ ржЬржЩрзНржЧрж▓ ржжрж┐ржЪрзНржЫрзЗ ржбрж╛ржХ
ржорж╛ржиржмрж╕ржнрзНржпрждрж╛ ржирж┐ржкрж╛ржд ржпрж╛ржХ

My YouTube channel - https://t.co/8sNRBx6njP"
664,"Optimist, cricketer, works for a better INDIA :) #ManchesterUnited.... meedhi Biopic la solren !! Thiruppi Kudukanu iLLa type :P"
665,YouTube channel market s vlogs
666,"рдЬрдп рд╣рд┐рдиреНрджредред
рднрд╛рд░рдд рдорд╛рддрд╛ рдХреА рдЬрдп!
рд╣рд┐рдиреНрджреВ рд╣реИ рд╣рдо рд╡рддрди рд╣реИ рд╣рд┐рдВрджреБрд╕реНрддрд╛рди рд╣рдорд╛рд░рд╛редред"
667,@pawankalyanЁЯШНЁЯШНЁЯШН @Janasenaparty тЬКтЬК
668,
669,
670,
671,Hand spun hand woven Swadeshi
672,"редрдЧреМ рд╕реЗрд╡рд╛ рд╣реА рдореЗрд░рд╛ рдкрд░рдо рдзрд░реНрдоред
рдореЗрдВ рдХрд┐рд╕реА рдзрд░реНрдо рдХреЗ рд╡рд┐рд░реБрджреНрдз рдирд╣реАрдВ рд╣реВрдВ, рдореИрдВ рдЙрд╕рдХреЗ рд╡рд┐рд░реБрджреНрдз рд╣реВрдБ рдЬреЛ рдореЗрд░реЗ рд╣рд┐рдВрджреБрддреНрд╡ рдХреЗ рд╡рд┐рд░реБрджреНрдз рд╣реИрдВ....ЁЯЪйЁЯЗоЁЯЗ│ЁЯЪй"
673,"Legal Services.
The Telangana is my Identity,
The Hindutva is my Culture &
The Sanatandharm is my Religion.
Policy:-'IndiaFirst'
Birth:28thFeb(MahaSivarathri)."
674,"Engg. Student, Automobile Enthusiast, Patriot"
675,
676,
677,5X Certified Salesforce Consultant and Developer. Helping business to implement Salesforce CRM .
678,"Anchor I ЁЭЧЦЁЭЧ╝ЁЭЧ║ЁЭЧ║ЁЭШВЁЭЧ╗ЁЭЧ╢ЁЭЧ░ЁЭЧоЁЭШБЁЭЧ╢ЁЭЧ╝ЁЭЧ╗ ЁЭЧЦЁЭЧ╝ЁЭЧоЁЭЧ░ЁЭЧ╡ I Actor I Writer 
Sign Up at https://t.co/7LxjekCWlU - Communication Unwrapped - Online Course"
679,"Cinephile, Travel Freak ЁЯШЗ"
680,"рд╣рд┐рдВрджреВ , рд╡рд┐рдзрд░реНрдорд┐рдпреЛрдВ рд╕реЗ рди рд╕рд╛рдордирд╛ рдЦрд░реАрджреЗрдВрдЧреЗ"
681,
682,
683,
684,
685,Just a common man.
686,рднрд╛рд░рдд рдореЗрд░реА рд╢рд╛рди рдФрд░ рднрд╛рд░рддреАрдпрддрд╛ рд╣реА рдореЗрд░реА рдкрд╣рдЪрд╛рдиредред
687,Har har Mahadev. Shraddha aur Sabhuri. Football. Foodie. Hindu reawakening. Dream of Santana civilization - mother to all. Keep calm and trust NaMo the enabler
688,free online marketing Affiliate course and ebook Free Three Year's experience email signature account editor best logo designer #MDBlock ЁЯМ┤ЁЯМ╡ЁЯМ┐ЁЯМ╛ЁЯМ┤
689,"Proud Indian |
Mechanical Engineer |
#Sachinist |"
690,!!No man ever step in the same river twice!!....'Shall break but will not bend'.!! Snake's friend or rescuer...BJP4INDIAЁЯЗоЁЯЗ│ЁЯЪй
691,YouTube channel market s vlogs
692,"Railway Pravasi Group Western Maharashtra - Sangli Miraj Satara Pandharpur Kurduvadi
рд░реЗрд▓ рдпрд╛рддреНрд░реА рдЧреНрд░реВрдк рдкрд╢реНрдЪрд┐рдо рдорд╣рд╛рд░рд╛рд╖реНрдЯреНрд░ рд╕рд╛рдВрдЧрд▓реА рд╕рд╛рддрд╛рд░рд╛ рдХрд░рд╛рдб рдкрдВрдврд░рдкреВрд░ рдХреБрд░реНрдбреВрд╡рд╛рдбреА"
693,"#MensRights l
RT's are not endorsement | 
#MarriageStrike |"
694,
695,"Cricket, Politics, Old Songs & Shayri Lover! News Junkie! Devotee of Lara, Warne! RTs Not Endorsement! From Dhoni's Land! Ranchi & Madhubani!"
696,
697,.....
698,"FCMA - CIMA - UK & ACCA - UK , PHD, MBA , MCA"
699,
700,рд░рд╛рдо рднрдХреНрдд ЁЯЪй
701,
702,
703,рдХреНрд░реЛрдзрд╛рджреН рднрд╡рддрд┐ рд╕рдореНрдореЛрд╣рдГ рд╕рдореНрдореЛрд╣рд╛рддреНрд╕реНрдореГрддрд┐рд╡рд┐рднреНрд░рдордГред рд╕реНрдореГрддрд┐рднреНрд░рдВрд╢рд╛рджреН рдмреБрджреНрдзрд┐рдирд╛рд╢реЛ рдмреБрджреНрдзрд┐рдирд╛рд╢рд╛рддреНрдкреНрд░рдгрд╢реНрдпрддрд┐ред| Scientific Astrologer  - Truly Human - Help Other God Help You
704,"Always think different, passion of traveling"
705,
706,Centrist-Libertarian-Atheist| Software| Hobbyist Chef| Tentatively supports BasicIncome | APJKalam Modi MGR Rajini | Follow at your own risk. Non-serious Gyaan.
707,
708,"#PROUD_INDIAN | #NATIONALIST |  #Jay_Shree_Ram /
┬о_follow back резрежреж%
contact:- 9904748401"
709,Engineer
710,
711,Indian
712,"LLB,
Follower of  Prime Minister of India, Narendra Modi."
713,
714,YouTube channel market s vlogs
715,"Men's Rights, Gender Biased Laws #SpeakUpMen | YouTube https://t.co/yqXtb3O8VP | contact@voiceformenindia.com | Donate: https://t.co/d9UunUSEWh"
716,YouTube channel market s vlogs
717,"рдЧрд▓рдд рдХреЛ рдЧрд▓рдд рдФрд░ рд╕рд╣реА рдХреЛ рд╕рд╣реА рдмреЛрд▓рдирд╛ред
рдЕрдЪреНрдЫреЗ рдиреЗрддрд╛ рдХреЛ рдкреНрд░рдореЛрдЯ рдХрд░рдирд╛ рд╣реИ рдЪрд╛рд╣реЗ рд╡реЛ рдХрд┐рд╕реА рдкрд╛рд░реНрдЯреА рдХрд╛ рд╣реЛредрдЕрдЪреНрдЫреЗ рдиреЗрддрд╛рдУрдВ рдХреЗ рд╣рд╛рде рдореЗрдВ рд╣реА рджреЗрд╢ рдХрд╛ рднрд╡рд┐рд╖реНрдп рд╕реБрд░рдХреНрд╖рд┐рдд рд╣реИред рдирд┐рд░реАрд╣ рдХрд┐рд╕рд╛рди рдХреА рдЖрд╡рд╛рдЬ"
718,
719,
720,deshbhakt
721,
722,
723,
724,Proud to be with BJP since its inception. No compromise on Hindutva. Tremendous faith on our PM Shri. Modi ji. BHARAT MATA KI JAI.
725,Free Guy
726,Following the dreamЁЯЩВЁЯЩВ INDIAN ЁЯЗоЁЯЗ│ (ЁЯЪйЁЯЪй)
727,рдХреНрд░реЛрдзрд╛рджреН рднрд╡рддрд┐ рд╕рдореНрдореЛрд╣рдГ рд╕рдореНрдореЛрд╣рд╛рддреНрд╕реНрдореГрддрд┐рд╡рд┐рднреНрд░рдордГред рд╕реНрдореГрддрд┐рднреНрд░рдВрд╢рд╛рджреН рдмреБрджреНрдзрд┐рдирд╛рд╢реЛ рдмреБрджреНрдзрд┐рдирд╛рд╢рд╛рддреНрдкреНрд░рдгрд╢реНрдпрддрд┐ред| Scientific Astrologer  - Truly Human - Help Other God Help You
728,"Political Editor, The New Indian Express, bansykalappa@gmail.com"
729,рд╕рддреНрдп рд╕рдирд╛рддрди рд╣реИ рд╕рдирд╛рддрди рд╕рддреНрдп рд╣реИ !!!
730,
731,
732,
733,"Don't blame people for disappointing you, blame yourself for expecting too much from them..."
734,"Proud ЁЯЗоЁЯЗ│ , рдорд╣рд╛рджреЗрд╡ рднрдХреНрдд."
735,
736,YouTube channel market s vlogs
737,рдХреНрд░реЛрдзрд╛рджреН рднрд╡рддрд┐ рд╕рдореНрдореЛрд╣рдГ рд╕рдореНрдореЛрд╣рд╛рддреНрд╕реНрдореГрддрд┐рд╡рд┐рднреНрд░рдордГред рд╕реНрдореГрддрд┐рднреНрд░рдВрд╢рд╛рджреН рдмреБрджреНрдзрд┐рдирд╛рд╢реЛ рдмреБрджреНрдзрд┐рдирд╛рд╢рд╛рддреНрдкреНрд░рдгрд╢реНрдпрддрд┐ред| Scientific Astrologer  - Truly Human - Help Other God Help You
738,"Former CMD, NALCO
Former President, Ekal Abhiyan
Joint Gen. Secretary, VHP"
739,A learner trying to be in sync with  https://t.co/lOpAp3K0Hd.
740,"Graphic designer 
Digital artistЁЯОи
Blood group :- b+ve
роЗроирпНродро┐ропройрпН тЭд"
741,Indian First ..
742,
743,"Proudly Hindu ЁЯЪйЁЯЪй

politics , ЁЯШБЁЯШБ"
744,
745,
746,Views personal ||
747,
748,"Enthusiast, Indian, Travel, Tech, Music lover..living in Modi ji's era..
Tribute to our national heroes ЁЯЩПЁЯЩПЁЯЩП"
749,
750,an ultra nationalist. firm believer of sanatan dharm. detest secularists n abhor pseudo secularists.
751,Official page of BJP Jammu District
752,
753,I'm nice guy until you piss me off
754,Nothing...
755,Bharatiya. Dushta Sikshaр▓г Sishta Rakshaр▓г
756,
757,
758,"A proud Indian.  Dharmic sense & Karmic belief, sets u free.   RTs are not endorsements."
759,MahaKaal is coming........
760,Jolly
761,"Software Professional, IT,
Visit https://t.co/MhYTXVP6yL"
762,neva give up..........
763,"Proud to be a IndianЁЯЗоЁЯЗ│,EngineerЁЯОУ, EntrepreneurЁЯХ┤я╕П, Fan of @Annamalai_K Sir #BJP ianЁЯШО"
764,Humanity first. Islamophobia is a myth. Solar energy expert.
765,
766,
767,"рднрд╛рд░рддреАрдпЁЯЗоЁЯЗ│
#HindusUnite || #HinduEcosystem || рдзрд░реНрдореЛ рд░рдХреНрд╖рддрд┐ рд░рдХреНрд╖рд┐рддрдГ ЁЯЪйЁЯХЙя╕П || RSS ||
Koo : @Shivansh1620"
768,"I support what I LIKE | I support what i Believe is RIGHT.   KPOP  ЁЯТГ
SHINee ┬ж Sadhguru ┬ж INDIA ЁЯЗоЁЯЗ│"
769,Entrepreneur by profesion ..police and defense rights activist by passion...Political critics and experts to heart & mind satisfaction ...Staunch nationalist
770,
771,"рдореИрдВ рднрд╛рд░рддреАрдп рд╣реВрдВ рди рдХрд┐ рдЗрдВрдбрд┐рдпрди /
I'm BHARTIY not INDIAN
(рд╣рд┐рдВрджреВ рдзрд░реНрдо рдФрд░ рд░рд╛рд╖реНрдЯреНрд░ рднрд╛рд░рдд рдХреЗ 'рдХрдЯреНрдЯрд░ рд░рдХреНрд╖рдХреЛрдВ' рдЬрд▓реНрдж рд╕рдВрдкрд░реНрдХ рдореЗрдВ рдЖрдУ рд╕рдВрдЧрдард┐рдд рд╣реЛ рдЬрд╛рдУ)ред BHARAT IS BHARAT NOT INDIA"
772,
773,
774,
775,
776,Just life & life onlyyyyy!!!
777,"Media Personality, Social Activist , Kannadiga ,Rt's Like's Not Endorsement :Proud to be Indian Muslim , From Allah For Allah To 
Allah"
778,"Project Director, Regional Science Centre (RSC) Bhavnagar, GUJCOST, Dept. of Science & Technology, Govt. of Gujarat"
779,Brutally straight forward & honest. Still idealistic. Tweets are opinions not reality.
780,"A Proud Indian, an Engineer, an IIT Delhi alumni, a Travel Freak, Drivaholic, Peace Loving & a Roger Federer Fan forever."
781,
782,
783,
784,
785,"Follower of Jyotiba fule, Periyar &  B R Ambedkar #рдЬрдпрд╕рдВрд╡рд┐рдзрд╛рди #рдирдореЛрдмреБрджреНрдзрд╛рдп #рдЬрдпрднреАрдо #рдЬрдпрдЬреЛрд╣рд╛рд░"
786,
787,#ahgase #igot7 #got7 #ot7 #exol #exo #ot9 #ot12
788,"рд╣рд┐рдВрджреБ , рдорд░рд╛рдард╛ ЁЯЪй"
789,Bringing hyperlocal news and information from Mumbai. For you.
790,All humans to be treated same irrespective of caste/religon/sex/colour/race . Spread love across globe. Keen abt Spirtualism
791,
792,"Journo, The New Indian Express. Cover Rlys, Metro, Aviation, BDA, Water, RERA, Postal & UIDAI. Work on investigative stories.Gunner. MЁЯР▒shi's slave"
793,"NationalistЁЯЗоЁЯЗ│, RW, IT Professional ЁЯТ╗, рдЖрд▓рд╛рдЪ рдЖрд╣рд╛рдд рддрд░ Follow рдХрд░реБрди рдЬрд╛ ЁЯШК"
794,"A computer Science Engineer, realistic person. A vegetarian by choice."
795,
796,"90's kid, Still Single ЁЯШвЁЯШв,Chennai Paiyan ЁЯТЫCSKЁЯТЫDhoniЁЯТЫ RajiniтЭдIlayaraja ЁЯТЩтЭдThamizhanЁЯТЩIndian ЁЯЗоЁЯЗ│Proud HinduтЭдроУроорпН роироороЪро┐ро╡ро╛роп ЁЯЩПЁЯЩПЁЯЩП"
797,
798,ЁЯдн
799,
800,
801,"some people are privileged by birth sorry,I am not one of them , I am privileged by the book called тАШconstitutionтАЩ . letтАЩs come together to bring the change ЁЯША"
802,рдХреНрд░реЛрдзрд╛рджреН рднрд╡рддрд┐ рд╕рдореНрдореЛрд╣рдГ рд╕рдореНрдореЛрд╣рд╛рддреНрд╕реНрдореГрддрд┐рд╡рд┐рднреНрд░рдордГред рд╕реНрдореГрддрд┐рднреНрд░рдВрд╢рд╛рджреН рдмреБрджреНрдзрд┐рдирд╛рд╢реЛ рдмреБрджреНрдзрд┐рдирд╛рд╢рд╛рддреНрдкреНрд░рдгрд╢реНрдпрддрд┐ред| Scientific Astrologer  - Truly Human - Help Other God Help You
803,"рд╣рд┐рдиреНрджреВ рддрди-рдорди, рд╣рд┐рдиреНрджреВ рдЬреАрд╡рди, рд░рдЧ-рд░рдЧ рд╣рд┐рдиреНрджреВ рдореЗрд░рд╛ рдкрд░рд┐рдЪрдп р┐Ч ЁЯХЙя╕ПЁЯЪйЁЯЪй"
804,#ahgase #igot7 #got7 #ot7 #exol #exo #ot9 #ot12
805,Civil engineer
806,"Secretary BJP Delhi|| BJP MLA Candidate from Jangpura 2020|| Ex National Secretary @BJYM ||Ex VP, Ex GenSec BJYM Delhi|| Followed by PM @narendramodi JiЁЯЗоЁЯЗ│"
807,Bengali Hindu Nationalist
808,ЁЯП┤тАНтШая╕П
809,Trying to be a Perfect Human
810,ЁЯШЕЁЯдгЁЯШВЁЯШЬ
811,With great power comes great responsibility
812,
813,"ЁЯЗоЁЯЗ│
Jai Hind"
814,
815,"Being a Human Being first is the Motto..... Live Life & have fun with just a pinch of Logic & Sense..... 
Nation First....."
816,"India at heart, Patriot, Gamer, Anime lover, movie, tv series buff"
817,"Nationalist to the core....
Tweets are personal, Retweet is not necessarily endorsement."
818,
819,"love to read article.
serve our country to my extent"
820,
821,tweet reader
822,рдПрдХрдЪ рдзреНрдпреЗрдп : рд╣рд┐рдВрджреБ рд░рд╛рд╖реНрдЯреНрд░
823,ЁЯЗоЁЯЗ│| Computer Science Graduate| Programmer|
824,
825,
826,"Politically Right, BJP supporter, Movie Buff & ManU fan for life......."
827,
828,
829,"Ardent and proud Desh Bhakt ЁЯЗоЁЯЗ│. A true blue bong at heart, an avid reader and a banker by profession."
830,
831,Social worker and BJP supporter
832,Jai Hind
833,Watcher.
834,G/Secy.BJYM East Siang District A.P.
835,"Soldier First, Loving Husband and a Proud Father. Happy to be with my Family, Dog and the Wheels!!
Tank-man for Life. #foreverBLACK."
836,"I am TYBA student, Youtuber, Indian Football Team and Chennaiyin FC  Fan and EX NSS Volunteer, Sports Journalist from '@The_Tacticians'."
837,Content Writer||ETL Developer||Politics||Cinema||Sarcasm||Humor||
838,
839,
840,"ЁЯЗоЁЯЗ│ Malayali |
Automobile Enthusiast ЁЯПО |
Peace тШоя╕П|"
841,Sanatan Dharm ЁЯЪйЁЯЪйЁЯЪй
842,
843,
844,"A Proud Bharatiya ! ReTweets, Favs and Quotes don't mean endorsement ;)"
845,#University of Allahabad
846,
847,"ЁЯЗоЁЯЗ│ WANNA BECOME INNOVATOR AS WELL AS SERVANT TO MY COUNTRY, FAN OF young Tiger NTR jr, Thalapathi Vijay and Amir khan"
848,
849,
850,Student
851,HINDU (Sanatani) реР рдирдордГ рд╢рд┐рд╡рд╛рдпредредЁЯЪйЁЯЪйRTs are not endorsements.
852,
853,ЁЯЪйЁЯЪйЁЯЩП JAI SHREE RAM ЁЯЩПЁЯЪйЁЯЪй
854,
855,
856,"р░пр░зр▒Нр░мр░╛р░╡р░В р░др░зр▒Нр░нр░╡р░др░┐

@KChiruTweets fanЁЯШО, Learner, Software Engineer, Writer, Indian ЁЯЗоЁЯЗ│
Jai Hind."
857,We write articles on latest & undiscovered stories.
858,#ahgase #igot7 #got7 #ot7 #exol #exo #ot9 #ot12
859,
860,"Ex Secular, Thinker, Reader, Analysts, Believer.
ЁЯТпFB"
861,
862,From Shimla
863,High voltage sign Activism for a better world тАв Traveler тАв Politically Centrist тАв Be the change you want to see
864,"II Think II
Data is the most valuable asset on Earth"
865,Just being alive is special.
866,nothing
867,
868,"Indian, Proud ЁЯХЙя╕ПHINDU
Yogiji Modiji bhakt"
869,"рдорд╛рдВ рдХрд╛рд▓реА рдХрд╛ рдЖрд╢реАрд░реНрд╡рд╛рдж ЁЯЪйЁЯЫХ рдЬрдп рдорд╛рдВ рдХрд╛рд▓реАЁЯЩПЁЯП╗
Hate politics can't tolerate nonsense, love animals, foodie"
870,
871,
872,An unreasonable man. Vegetarian. A World citizen. Looking for a World leader to be a World changer. O2O model specialist.
873,
874,"Ideas are more powerful than Guns. They wouldnтАЩt let you have guns, why would they allow you to have Ideas?  RTs тЙа Endorsements."
875,
876,"Proud to Be an Indian, In awe of NaMo.
Believe in Modi ji and Yogi ji.ЁЯЩП Fully Adore General Rawat sir."
877,"Engineer with 25+ yrs exp with worldтАЩs leading companies in Tractors, Construction Equipment & Consulting in Marketing, Operations & Organization Development."
878,what is success
879,what is success
880,Editor In Chief / CEO @mediyaannews | Lyricist | Writer | Mamamgam - Chaveru |
881,
882,
883,"I Am Proud To Say I Was Hindustani.I am Proud To Say I Was Hindu Nationalist Party BJP Member ЁЯМ╖,
Indian and родрооро┐ро┤ройрпН,my community Yadav. ЁЯЪйЁЯЪйI am always роХро╛ро╡ро┐ЁЯЪйЁЯЪй"
884,
885,"Proud RohitianЁЯШО
Future CM of Rajasthan ЁЯШО"
886,I help business men and entrepreneurs to make more money and save time.
887,
888,
889,"уАР ЁЭХЛЁЭХаЁЭХЯЁЭХЬ тДЭЁЭХЦЁЭХдЁЭХЪЁЭХХЁЭХЦЁЭХЯЁЭХе.           уАС 
уАР ЁЭХЖЁЭХЮЁЭХЯЁЭХЪЁЭХзЁЭХаЁЭХгЁЭХЦЁЭХд                   уАС 
уАР ЁЯД┤ЁЯЕЗЁЯЕГЁЯЕБЁЯД╛ЁЯЕЕЁЯД┤ЁЯЕБЁЯЕГ                уАС"
890,
891,
892,
893,only moon
894,
895,Phasmatos Incedia Movet ЁЯФе
896,
897,"рдмреЗрдЬреБрдмрд╛рдиреЛрдВ рд╕реЗ рдкреНрдпрд╛рд░, рд╣рдорд╛рд░реА рдкреНрд░рдХреГрддрд┐ рдЬрд┐рд╕реЗ рд╣рдореЗрдВ рдмрдЪрд╛рдиреА рд╣реИ"
898,Entrepreneur
899,what is success
900,ordinary human but Unique.
901,
902,
903,"ЁЯЗоЁЯЗ│ WANNA BECOME INNOVATOR AS WELL AS SERVANT TO MY COUNTRY, FAN OF young Tiger NTR jr, Thalapathi Vijay and Amir khan"
904,
905,
906,
907,unlucky boy Shiven
908,
909,"#Mechanical Engineer
рдХреЛрд▓реНрд╣рд╛рдкреВрд░рдХрд░ЁЯШНЁЯШО,"
910,"I'm proud to be an #INDIAN 
#JAI_HIND ЁЯЪйЁЯТп% fb"
911,"рд░рд╛рд╖реНрдЯреНрд░ рдкреНрд░реЗрдореА,"
912,"Go To Hell

Government Of Rajasthan"
913,"ЁЯЗоЁЯЗ│ WANNA BECOME INNOVATOR AS WELL AS SERVANT TO MY COUNTRY, FAN OF young Tiger NTR jr, Thalapathi Vijay and Amir khan"
914,
915,Cr7 always
916,ЁЯЗоЁЯЗ│
917,Companion .Raising two naughty Levi's .
918,"BhartiyaЁЯЗоЁЯЗ│
рд╕рддреНрдп рдкрд░рдореЛ рдзрд░реНрдо: |"
919,Banker by profession...Modi-fication quite possible.. Right of centre ideology..Tweets are personal views..RT simply does not mean endorsement
920,
921,Follow Kijiye Follow Back 100% Milega
922,
923,"ЁЯЗоЁЯЗ│ WANNA BECOME INNOVATOR AS WELL AS SERVANT TO MY COUNTRY, FAN OF young Tiger NTR jr, Thalapathi Vijay and Amir khan"
924,Jai Shree RamЁЯЩП | Jai Sanatan DharmaтЬК
925,Sanatani
926,
927,Puns || Jokes || Memes
928,"Social & Student Activist, Proud IndianЁЯЗоЁЯЗ│тШЭя╕П
Spokesperson @JKSWFofficial,NCC AlumniЁЯЗоЁЯЗ│,Indian Army KidтЭгя╕ПтЪФя╕П.
Worked on De_ Redicalization of Youths in J&KЁЯНБ"
929,"редредрд╣рд┐рдиреНрджреБ рддрди рдорди рд╣рд┐рдиреНрджреБ рдЬреАрд╡рди рд░рдЧ рд░рдЧ рд╣рд┐рдиреНрджреБ рдореЗрд░рд╛ рдкрд░рд┐рдЪрдпредред
Old account suspended..
Double trouble for left wingers..
тАГ┬а100% follow back
Koo: @tum_and_hum"
930,
931,Updating myself everday to become an intelligent fertilizer for plants someday
932,
933,REALтЬи...
934,sachha sanatani ЁЯЪйЁЯЪйЁЯЪйЁЯЪйЁЯЪйЁЯЪйЁЯЪй
935,I am Human
936,"Politics, journalism,  python developer,"
937,ро╡рпЗро▓рпИ роЗро▓рпНро▓ро╛ родро┐рогрпНроЯро╛роЯрпНроЯродрпНродрпБроХрпНроХрпБ роХро╛ро░рогроорпН рокроЯро┐родрпНрод рокро┐ро▒роХрпБ роОройрпНрой роЪрпЖропрпНро╡родрпБ роОройрпНро▒рпБ ропрпЛроЪро┐рокрпНрокродро╛ро▓рпН
938,"Former Project Associate,RVNL
An Indian Railways Subsidiary"
939,ЁЭХнЁЭЦК ЁЭЦЖ ЁЭЦМЁЭЦЖЁЭЦТЁЭЦК ЁЭЦИЁЭЦНЁЭЦЖЁЭЦУЁЭЦМЁЭЦКЁЭЦЧ ЁЭЦОЁЭЦУ ЁЭЦЩЁЭЦНЁЭЦОЁЭЦШ ЁЭЦЬЁЭЦФЁЭЦЧЁЭЦСЁЭЦЙ ЁЭЦЛЁЭЦЪЁЭЦСЁЭЦС ЁЭЦФЁЭЦЛ ЁЭЦИЁЭЦФЁЭЦХЁЭЦЮ ЁЭЦИЁЭЦЖЁЭЦЩЁЭЦШ.
940,"Want to do something good for India.
RT тЙа Endorsement"
941,
942,"A proud Indian 
RTs are not endorsement"
943,
944,I Win Or Lose Does Not Matter But I Learn That is for Sure
945,ЁЯЩПрдЕрд╣рд┐рдВрд╕рд╛ рдкрд░рдореЛ рдзрд░реНрдордГ | рдзрд░реНрдо рд╣рд┐рдВрд╕рд╛ рддрдереИрд╡ рдЪ:ЁЯЪй
946,
947,"Bsc.#Graduate ЁЯСитАНЁЯОУ 
#medico ЁЯПе
#Medical student ЁЯТЙ #Radiographer
#X-Ray Technician ЁЯе╝ #Radiology
 stay #fit Stay #healthyтЬМя╕П"
948,
949,
950,kuch ni
951,
952,"уАР ЁЭХЛЁЭХаЁЭХЯЁЭХЬ тДЭЁЭХЦЁЭХдЁЭХЪЁЭХХЁЭХЦЁЭХЯЁЭХе.           уАС 
уАР ЁЭХЖЁЭХЮЁЭХЯЁЭХЪЁЭХзЁЭХаЁЭХгЁЭХЦЁЭХд                   уАС 
уАР ЁЯД┤ЁЯЕЗЁЯЕГЁЯЕБЁЯД╛ЁЯЕЕЁЯД┤ЁЯЕБЁЯЕГ                уАС"
953,
954,
955,
956,"Certified and experienced auditor, investigator. Investor/Trader. Sports and Music Lover. KTR/Modi ji fan. Nationalist"
957,"Bharatwasi | Interested in Politics, Science & Tech | Travelling | Yoga"
958,"An ordinary citizen of india, traveller , bike ride to 3 nations, walked 500+ Kms in himalayas, cycling, interested in current affairs"
959,Mahadev bhakt
960,
961,
962,Air force
963,"I'm working in WIPRO!!! Kohli,cricketer,cinema luvr,music luvr , fun with friendz , a huge fan of THALA (Ajith) .родрооро┐ро┤ройрпН"
964,
965,"Indian Politics is improper mix of Maths & Science, Here u need 2 get Arithmetic solutions for Chemical equations & Zoological solutions for Biological issues"
966,"We create an environment for participants to challenge, question, learn and grow through engaging interactive courses."
967,"Former IFS, Joint Sec Gov India. Former Minister of Dev NE Region, Minister of Panchayati Raj. Author of Confession of a Secular Fundamentalist."
968,"ЁЯТкрд╣реИ рдЬрдм рддрдХ рдЦреВрди рдореЗрдВ рд╣рд▓рдЪрд▓,ЁЯЗоЁЯЗ│рддрд┐рд░рдВрдЧрд╛ рдЭреБрдХ рдирд╣реА рд╕рдХрддрд╛ !(ЁЯТРрдЬрдп рд╢реНрд░реА рд░рд╛рдоЁЯТР)ЁЯТк"
969,Shri Ram Vandana
970,"Sanatan Dharm. Follow me, I'm your friendly neighborhood Hindutva Man!"
971,Pomelo lover | RTs not endorsment
972,
973,Ssc cgl aispairent
974,"рд░рд╛рд╖реНрдЯреНрд░реАрдп рд╕реНрд╡рдпрдВрд╕реЗрд╡рдХ рд╕рдВрдШ рдЕрдЬрдореЗрд░
#AJMER#KRTЁЯЪйЁЯЪйЁЯЗоЁЯЗ│
рдЬрдп рд╢реНрд░реА рд░рд╛рдо рд╕рднреА рдорд┐рддреНрд░реЛрдВ рдХреЛ
 #рд░рд╛рд╖реНрдЯреНрд░рд╡рд╛рджреА
#TEAMKRT
 #рдПрдХ рдХрджрдо рд╣рд┐рдВрджреВ рд░рд╛рд╖реНрдЯреНрд░ рдХреА рдУрд░"
975,ркЕркдрлНркпрк╛рк░рлЗ ркорлВркб ркиркерлА.......ЁЯТФ
976,ЁЯУЦ Knowledge Portal ЁЯОпObjective- #FinancialLiteracy ЁЯУз тЪЦя╕ПOne stop solution for all statutory compliances (IT | GST | ROC | Others)
977,i welcome this cruelty as i am very welcoming
978,Give respect and get Respect from me.
979,┬░тЧП|||||||тЧП┬░
980,Give respect and get Respect from me.
981,"Engineer, Banker and Travel blogger"
982,
983,"р┤ор┤ир╡Бр┤╖р╡Нр┤пр╡╗, р┤ор┤▓р┤пр┤╛р┤│р┤┐, р┤╕р┤Вр┤Шр┤┐-р┤╡р┤┐р┤░р╡Бр┤жр╡Нр┤зр╡╗.
parody | fan account 
@saltmangolover@mstdn.social

@saltmangolover@mastodon.social"
984,
985,"Tech generalist. Game designer. Risk taker. Nation first. ЁЯЗоЁЯЗ│

Truth never changes. It just waits to be discovered."
986,
987,
988,Patriotism
989,
990,
991,
992,
993,
994,
995,"Son of Farmers Family ,I Don't Block anyone on Social Media ,Follower of #Ch_Charan_Singh Ji, #Ch_Ajit_Singh Ji and #Jayant_Singh , I Follow Back Everyone"
996,Hardworking
997,Give respect and get Respect from me.
998,"рд░рд╛рд╖реНрдЯреНрд░реАрдп рд╕реНрд╡рдпрдВрд╕реЗрд╡рдХ рд╕рдВрдШ рдЕрдЬрдореЗрд░
#AJMER#KRTЁЯЪйЁЯЪйЁЯЗоЁЯЗ│
рдЬрдп рд╢реНрд░реА рд░рд╛рдо рд╕рднреА рдорд┐рддреНрд░реЛрдВ рдХреЛ
 #рд░рд╛рд╖реНрдЯреНрд░рд╡рд╛рджреА
#TEAMKRT
 #рдПрдХ рдХрджрдо рд╣рд┐рдВрджреВ рд░рд╛рд╖реНрдЯреНрд░ рдХреА рдУрд░"
999,
